Compound,Type,Source,LATR_1,AMDU_1,PLRI_1,LYPA_1,LYAN_1,INSP_1,LATR_2,AMDU_2,PLRI_2,LYPA_2,LYAN_2,LATR_3,AMDU_3,PLRI_3,LYPA_3,LYAN_3,INSP_3,LATR_4,AMDU_4,PLRI_4,LYPA_4,LYAN_4,INSP_4,LATR_5,AMDU_5,PLRI_5,LYPA_5,LYAN_5,INSP_5,LATR_6,AMDU_6,PLRI_6,LYPA_6,LYAN_6,INSP_6
Biphenyl,Aromatic,Aromatic,0.00322138,0.003071539,0.002887454,0.00196764,0.000432245,0.003397191,0.003450486,0.001188501,0.008125542,0.001682881,0.003140812,0.004923545,0.001820728,0.000463572,0.001808244,0.001961424,0.003048243,0.002455066,0.001280474,0.004607753,0.00047666,0.001219208,0.002132893,0.002835891,0.000457343,0.004427736,0.002739336,0.002928652,0.00026004,0.00294562,0.000333537,0.000606484,0.001891734,0.002231781,0.003418445
Fluorene,Aromatic,Aromatic,0.011500627,0.009780425,0.009667814,0.01534446,0.007725648,0.008247079,0.010653141,0.002330872,0.006007509,0.008051431,0.00860632,0.005260517,0.005857248,0.003291361,0.008999934,0.008044904,0.0042289,0.015612458,0.001571925,0.011633759,0.008785507,0.008652447,0.005501966,0.005446878,0.002021791,0.005883757,0.005131689,0.012136755,0,0.007490847,0.000460121,0.000932189,0.007396654,0.011503192,0.003492491
Naphthalene,Aromatic,Aromatic,0.007225525,0.001894115,0.013483378,0.00741127,0.012928236,0.012635434,0.030686703,0.003880264,0.004582651,0.005840588,0.015481484,0.008311992,0.005633951,0.003238382,0.004747672,0.008336053,0.00759914,0.00870299,0.002564134,0.002339823,0.006691939,0.00649589,0.00152441,0.011666861,0,0.001420217,0.008126696,0.007229284,0,0.007081191,0.000540491,0.002470862,0.008753595,0.005508571,0.012464365
"Benzene, 1,2-diethyl-",Aromatic,Aromatic,0,0.004068441,0.005413976,0.001680584,0.002210122,0.019217965,0.008814767,0,0.000866468,0.000930534,0.00459993,0.000891105,0.003521219,0.000705292,0.002138516,0.003539758,0.002404248,0.001705316,0.000990616,0.004607753,0.002280493,0.003611741,0.008774964,0.003348951,0.030675445,0.002935911,0.000392638,0,0.004651578,0.002750545,0,0.010613476,0.002450474,0.002187227,0.002628624
"Phenol, 3,4-dimethyl-",Aromatic,Aromatic,0,0.004822854,0.00492414,0.0104906,0.001130487,0,0.000867335,0,0.002299028,0.002200945,0.001572879,0.00293915,0.009584587,0.001731773,0.008710945,0.011201572,0.003949835,0.007938538,0.000285081,0.00506526,0.005028301,0,0.00614888,0,0.001489153,0.004057763,0.000987987,0.013851731,0.000782362,0.007959025,0.000361667,0.002392244,0.001897056,0.007736301,0
Acetophenone,Aromatic,Aromatic,0.001999062,0.003098482,0.004202276,0,0.001781789,0,0.003582472,0.000746205,0.004236064,0.000956932,0.003462313,0.004698896,0.002301675,0,0.0018165,0.00401479,0.003391706,0.004821927,0.001183324,0.01013052,0,0.001900916,0.003388289,0.003900667,0,0.00622986,0.00399943,0.00440617,0.000452828,0.002555471,0.000196305,0,0.001623007,0.001308286,0.002402373
"Benzene, 1,2,3-trimethyl-",Aromatic,Aromatic,0,0.003906782,0.003712441,0,0.006669483,0.013543369,0.024228826,0,0,0,0.002893504,0.002059277,0.007059615,0.001099328,0,0.010067623,0.001038978,0.003263621,0.000930096,0.005555447,0.003009503,0.002064788,0.011849404,0.006571394,0.030954313,0.001467956,0.002958483,0.003772948,0.007117474,0.005188972,0,0.018756089,0.001269138,0.002458605,0.001184732
Benzofuran,Aromatic,Aromatic,0.00194487,0.004742024,0.006625675,0.00144572,0.004713623,0.001081956,0.014754129,0.000331044,0.001266968,0.001600387,0.006405279,0.001621213,0.002937212,0.000572843,0.001482099,0,0.003327307,0,0.000853649,0.008856036,0.003046888,0.001579727,0,0.006536253,0,0.006611768,0.003214154,0,0.000660188,0,0,0.003403051,0,0.001506756,0.005800249
"Benzene, (1-methylethyl)-",Aromatic,Aromatic,0,0.008702693,0.007914717,0,0.004185541,0,0.015084094,0,0,0,0.006949356,0.001254287,0.003280746,0,0,0.008336053,0.002189583,0.006762458,0.000434788,0.009999804,0.004916145,0,0,0.004076373,0.000920263,0.002852369,0.003542874,0.004749165,0.000587332,0.003960005,0,0.007277812,0.001535205,0,0.002299531
"Benzene, propyl-",Aromatic,Aromatic,0,0.005442551,0.004021811,0,0.002601294,0,0.006505015,0,0,0,0.004179506,0.003014033,0.000599466,0,0,0.003095373,0.001974918,0.00206402,0.000802685,0.006764573,0.00181131,0,0,0.002677755,0.000920263,0.002625612,0.003214154,0.002585656,0.000802537,0.002223845,0,0.002751642,0.001503277,0,0.002147326
"Naphthalene, 1,2-dihydro-4-methyl-",Aromatic,Aromatic,0,0.003556518,0.003119481,0.001670145,0.001187207,0,0.002305038,0,0,0.000966832,0.003041889,0.001222462,0.004775117,0,0,0.007631166,0.00044865,0.003204817,0.000500086,0.002963994,0.000968275,0,0,0.000329273,0,0.000986991,0.002319304,0.00279673,0,0.004330646,0,0.001774528,0.002546258,0.001680924,0
"Benzene, 1,2,3,4-tetramethyl-",Aromatic,Aromatic,0,0.001427996,0.001753097,0,0.000688463,0,0.000471378,0,0,0,0.001622341,0.000247113,0.003916283,0,0,0.003309904,0.000114202,0.001758239,0,0.003058764,0.001869257,0,0,0.000488462,0,0.000842583,0.001159652,0.001699146,0.000648979,0.001258228,0,0.00424539,0.000196889,0,0
"Benzene, 1-ethenyl-3-methyl-",Aromatic,Aromatic,0,0.002802105,0.002101138,0,0.00154513,0,0.005138019,0,0,0,0.002470607,0.004624013,0.00450029,0,0,0.007048869,0.000959552,0.002863754,0,0.004738469,0.002000105,0,0,0.001721916,0,0.001186299,0.003688972,0.003984022,0,0.003452812,0,0,0.001779986,0,0
Benzaldehyde,Aromatic,Aromatic,0,0.001969557,0,0.001273486,0,0,0,0,0,0,0,0.001946953,0,0,0,0,0.001369562,0.001599468,0,0.003300589,0,0,0,0,0.011768216,0.004761905,0.002337567,0.003403568,0.00300391,0,0,0.005166348,0.001652274,0.001405496,0.003393763
m-xylene,Aromatic,Aromatic,0,0.035026317,0.024156644,0,0.018443761,0,0.058450864,0,0,0,0.029676966,0,0,0,0,0.028808419,0.010067787,0.021345847,0,0,0,0,0,0.017605714,0,0,0,0.023772209,0,0.02496949,0,0,0,0,0.012834594
"Benzene, hexyl-",Aromatic,Aromatic,0,0.001166646,0,0,0,0,0,0,0,0,0,0.000921059,0.001176603,0,0,0,0.000433623,0,0.000229339,0.002780991,0,0,0,0.000860958,0,0.000605084,0,0,0,0,0,0.00066601,0,0,0
"Phenol, 2,4-bis(1,1-dimethylethyl)-",Aromatic,Aromatic,0,0,0,0.000876826,0,0.004055445,0,0,0,0,0,0.002040557,0.000606337,0,0,0,0,0,0,0,0,0,0.007045591,0,0.006135089,0,0,0,0.002118429,0,0,0.00097936,0,0,0
"Benzene, 2-propenyl-",Aromatic,Aromatic,0,0,0,0,0,0,0,0,0,0,0,0.000411855,0.000549654,0,0,0.000649722,0,0,0,0,0.000304689,0,0,0,0,0,0.000346983,0,0.000161404,0.000528651,0,0.000377368,0,0,0
"Benzene, butyl-",Aromatic,Aromatic,0,0,0,0,0,0,0,0,0,0,0,0,0.003297922,0,0,0.004643059,0,0,0.000826575,0,0,0,0,0.003363008,0,0.003329753,0,0,0,0.003979513,0,0,0,0,0
"Benzene, (1,3-dimethylbutyl)-",Aromatic,Aromatic,0,0,0,0,0,0,0,0,0,0,0,0,0,0,0,0,0,0,0,0,0,0,0,0,0,0,0.000270281,0,0,0,0,0.000864802,0,0,0
"Phenol, 3-methyl-",Aromatic,Aromatic,0,0,0,0,0,0,0,0,0,0,0,0,0,0,0,0,0,0,0,0,0,0,0,0,0,0,0,0,0,0.001833697,0,0,0,0,0
"Oxirane, ethenyl-",Aromatic,Aromatic,0,0.000237371,0,0,0,0,0,0,0,0,0,0,0,0,0,0,0,0,0,0,0,0,0,0,0,0,0,0,0,0,0,0,0,0,0
2H-1-Benzopyran-2-one,Aromatic,Aromatic,0,0,0,0,0,0,0,0,0,0,0,0,0,0,0,0,0,0,0,0,0,0,0,0,0,0,0,0,0,0,0,0,0,0,0
Ethylphenol,Aromatic,Lignin,0.004317251,0.004742024,0.002861673,0.005584548,0.00195586,0,0,0.001017552,0,0.000953633,0.003017158,0,0.007781036,0,0,0.026816348,0.001343803,0,0.000235709,0.002660079,0.002261801,0,0,0.001816797,0,0.000424872,0,0.003561874,0,0.006905625,0,0.000701949,0.001825218,0.002766437,0
"Phenol, 2-methoxy- (Guaiacol)",Aromatic,Lignin,0.001005552,0.000757107,0,0.002546972,0.00053395,0.001649416,0,0,0,0,0.000783967,0.00079563,0.001940965,0.000149668,0.00070183,0,0.00046797,0.001631811,0,0.000934622,0.000861727,0,0.002901503,0,0.003402186,0.001071727,0,0.001445857,0,0.001244573,0,0,0.00051883,0.001182723,0
"Phenol, 2,6-dimethoxy- (Syringol)",Aromatic,Lignin,0,0,0,0,0,0,0,0,0,0,0,0,0,0,0,0.000425997,0,0,0,0,0.000228049,0,0.006789388,0,0,0.000385488,0,0,0.000344105,9.25E-05,0,0.000339182,0,0,0
"Ethanone, 1-(4-hydroxy-3-methoxyphenyl)-  (Acetovanillone)",Aromatic,Lignin,0,0,0,0,0,0,0,0,0,0,0,0,0.000956741,0,0,0.000547054,0,0,0,0,0,0,0,0,0,0,0,0,0.003844557,0.001269933,0,0.000878279,0,0,0
"Phenol, 2-methoxy-4-(1Z)-1-propen-1-yl- (cis-Isoeugenol)",Aromatic,Lignin,0,0,0,0,0,0,0,0,0,0,0,0,0,0,0,0,0,0,0,0,0,0,0.002959148,0,0.000964882,0,0,0,0.000802537,0,0,0.001920534,0,0,0
"2-Propanone, 1-(4-hydroxy-3-methoxyphenyl)- (Guaiacylacetone)",Aromatic,Lignin,0,0,0,0,0,0,0,0,0,0,0,0,0,0,0,0,0,0,0,0,0,0,0.001095269,0,0,0,0,0,0,0.000296513,0,0.000700826,0,0,0
"Phenol, 2-Methoxy-4-vinyl- (Vinylguaiacol)",Aromatic,Lignin,0,0,0.00060585,0,0,0,0,0,0,0,0,0,0,0,0,0,0,0,0,0.000787566,0,0,0,0,0,0,0,0,0,0,0,0,0,0,0
"Phenol, 2-methoxy-4-(2-propenyl)- (4-Eugenol)",Aromatic,Lignin,0,0,0,0,0,0,0,0,0,0,0,0,0,0,0,0,0,0,0,0,0,0,0,0,0,0,0,0,0,0,0,0.00063007,0,0,0
"Benzaldehyde, 4-hydroxy-3-methoxy- (Vanillin)",Aromatic,Lignin,0,0,0,0,0,0,0,0,0,0,0,0,0,0,0,0,0,0,0,0,0,0,0,0,0,0,0,0,0,0,0,0,0,0,0
"Ethanone, 1-(4-hydroxy-3,5-dimethoxyphenyl)- (Acetosyringone)",Aromatic,Lignin,0,0,0,0,0,0,0,0,0,0,0,0,0,0,0,0,0,0,0,0,0,0,0,0,0,0,0,0,0,0,0,0,0,0,0
"Phenol, 2,6-dimethoxy-4-(2-propenyl)- (Methoxyeugenol)",Aromatic,Lignin,0,0,0,0,0,0,0,0,0,0,0,0,0,0,0,0,0,0,0,0,0,0,0,0,0,0,0,0,0,0,0,0,0,0,0
"Benzaldehyde, 4-hydroxy-3,5-dimethoxy- (Syringaldehyde)",Aromatic,Lignin,0,0,0,0,0,0,0,0,0,0,0,0,0,0,0,0,0,0,0,0,0,0,0,0,0,0,0,0,0,0,0,0,0,0,0
"Phenol, 2-methoxy-4-(1-propenyl)- (4-Isoeugenol)",Aromatic,Lignin,0,0,0,0,0,0,0,0,0,0,0,0,0,0,0,0,0,0,0,0,0,0,0,0,0,0,0,0,0,0,0,0,0,0,0
"Benzene, 1-ethenyl-4-methoxy-",Aromatic,Lignin+TMAH,0,0.000789439,0.000868814,0,0.000657169,0,0,0,0,0,0.001325571,0,0,0,0,0.001762217,0,0,0,0.00215682,0,0,0,0.000737964,0,0.00116601,0,0,0,0.001119726,0,0,0.00055874,0,0
"Ethanone, 1-(3,4-dimethoxyphenyl)-",Aromatic,Lignin+TMAH,0,0.000778662,0,0,0,0,0,0,0,0,0,0,0.001058083,0,0,0,0,0,0,0,0,0,0,0,0,0,0,0,0.00066355,0.00097342,0,0.000444755,0,0,0
"3,4-Dimethoxyphenylacetone",Aromatic,Lignin+TMAH,0,0,0,0,0,0,0,0,0,0,0,0,0,0,0,0,0,0,0,0,0,0,0,0,0,0,0,0,0.001277783,0,0,0,0,0,0
Vanillic Acid,Aromatic,Lignin+TMAH,0,0,0,0,0,0,0,0,0,0,0,0,0,0,0,0,0,0,0,0,0,0,0,0,0,0,0,0,0,0,0,0,0,0,0
"Hexadecanoic acid, methyl ester (Palmitic acid-C16)",FAME,Lipid,0.758680113,0.374512158,0.489835905,0.631523679,0.621963527,0.69003087,0.181009126,0.928007259,0.843361895,0.84804012,0.420423688,0.61965524,0.336662918,0.87416437,0.772012682,0.171624626,0.727714235,0.225219265,0.87753889,0.15032385,0.484137488,0.852134926,0.618090517,0.664167663,0.563312725,0.642081394,0.58439163,0.290226746,0.734164684,0.31211863,0.96444474,0.507649845,0.622596087,0.599462104,0.740457356
"1-Butyne, 3,3-dimethyl-",Aliphatic,Lipid,0,0.012366984,0.006883484,0,0.00447892,0,0.017440983,0.000455863,0,0,0.00984286,0.004624013,0.014445587,0,0,0.018541589,0.003348773,0.00796794,0.001514591,0.019149951,0.008075189,0,0,0.003348951,0,0.001599236,0.0078345,0.010263473,0.002611609,0.00807607,0,0.006480397,0.002532955,0,0.002110303
1-Heptene,Aliphatic,Lipid,0,0.004957571,0.000634209,0,0.003266286,0,0.014989818,0,0,0,0.002646196,0.002489853,0.003469689,0,0,0.006129451,0.001069032,0.000876179,0.000222968,0.004444357,0.00115707,0,0,0.002259576,0,0.006265664,0.003944644,0.001369343,0,0.004506213,0,0,0.000824807,0,0.002451737
n-Octane,Aliphatic,Lipid,0,0.004876741,0.002114029,0,0.001310426,0,0.005467984,0,0,0,0.004105314,0.001729793,0.002834152,0,0,0.005056797,0.001058298,0.00205814,0.000479382,0.009346222,0.002149645,0,0,0.00250205,0,0.000933286,0.001718477,0.002823115,0,0.003706409,0,0,0.000856735,0,0.000830958
n-Nonane,Aliphatic,Lipid,0,0.001145091,0.002129497,0,0.000919254,0,0.003327928,0,0,0,0.002522542,0.00105772,0.00122298,0,0,0.00312602,0.000579595,0.001134917,0.000285081,0.004052208,0.00176084,0,0,0.001781656,0,0,0.001336796,0.00259621,0,0.00218483,0,0.001864378,0.000468277,0,0
n-Decane,Aliphatic,Lipid,0,0.002775162,0.000799206,0,0.000267953,0,0.002950826,0,0,0,0.002030399,0.001398436,0.003280746,0,0,0.003968819,0.000523783,0.001443638,0,0.004999902,0.002224415,0,0,0.001331849,0.001268848,0,0.00211842,0.002691193,0,0.002887097,0,0.001594829,0,0,0
n-Tridecane,Aliphatic,Lipid,0,0.004795911,0.001742785,0,0.000848843,0,0.001131307,0,0,0,0,0.001598748,0.00413958,0,0,0.004168027,0.000742741,0,0,0.005849559,0,0,0,0.001676233,0.000856124,0.001089629,0.001990584,0.001617355,0.000550343,0.004798824,0,0.002661792,0,0,0
"1-Hexene, 3-methyl-",Aliphatic,Lipid,0,0.000630474,0.000678036,0,0,0,0.004808055,0,0,0,0.000749343,0,0,0,0,0.002559046,0.001071178,0.002628538,0,0.001709117,0.001360819,0,0,0.002748038,0.01009501,0.001241198,0.002100157,0.001266444,0,0.001402583,0,0,0,0,0.000913231
n-Pentadecane,Aliphatic,Lipid,0,0.002039609,0.001064749,0,0.000690419,0,0,0,0,0,0.00183008,0.002564736,0.003950636,0,0,0.003677671,0.000684781,0,0.000530346,0.004378999,0,0,0,0.001753543,0,0.001611171,0.002721074,0,0.000749857,0.003686901,0,0.00358275,0,0,0
n-Undecane,Aliphatic,Lipid,0,0.002575781,0.001361228,0,0.000987709,0,0.002267328,0,0,0,0.001674276,0,0.003418159,0,0,0.005148739,0,0,0,0.005555447,0.001388858,0,0,0.001792198,0.00271896,0,0.000980682,0,0.000776757,0.002204338,0,0.000786183,0,0,0
n-Dodecane,Aliphatic,Lipid,0,0.001667792,0.00117045,0,0.000596537,0,0,0,0,0,0.001506106,0,0.00501559,0,0,0.004106732,0,0,0,0.00326791,0,0,0,0.001272109,0,0.000916577,0.001340448,0,0.001322617,0.003823453,0,0.003009959,0,0,0
7-Tetradecene,Aliphatic,Lipid,0,0,0,0,0,0.003034017,0,0,0,0,0,0.002283926,0.003950636,0,0,0.00223725,0,0,0.000105751,0,0,0,0.002427526,0,0.011963424,0,0,0,0.011656966,0.005013406,0,0.007536129,0,0,0
3-Decene,Aliphatic,Lipid,0,0,0,0,0,0,0,0,0,0,0,0.007488281,0.006355371,0,0,0.003493787,0,0,0,0,0,0,0,0,0.0181264,0.001754386,0,0,0.007834826,0.009792722,0,0.006008687,0,0,0
n-Tetracosane,Aliphatic,Lipid,0,0,0,0,0.003188052,0,0,0,0,0,0,0,0,0,0,0,0,0,0.005064562,0,0.002224415,0,0,0,0,0,0.010208591,0.01495987,0,0.003199216,0,0,0.031395871,0,0
1-Hexadecene,Aliphatic,Lipid,0,0,0,0,0,0.003480419,0,0,0,0,0,0,0.001940965,0,0,0.00108951,0,0,0,0,0,0,0,0,0.013134668,0,0,0,0.015804156,0.003160201,0,0.007277812,0,0,0
n-Heptadecane,Aliphatic,Lipid,0,0,0,0,0,0,0,0,0,0,0,0.002564736,0.003452513,0,0,0.002129984,0,0,0,0.002307144,0,0,0,0,0,0,0.002702811,0,0,0.002926112,0,0.00311104,0,0,0
"1-Pentene, 3-ethyl-2-methyl-",Aliphatic,Lipid,0,0,0,0,0.000711933,0.005258459,0,0,0,0,0,0.003313564,0,0,0,0,0.000882273,0,0,0,0,0,0,0,0,0.001694713,0,0.004327017,0,0,0,0,0.000595989,0,0
n-Octadecane,Aliphatic,Lipid,0,0,0,0,0,0,0,0,0,0,0,0,0.001461735,0,0,0.001992072,0,0,0,0,0,0,0,0,0,0.00134861,0.00078345,0,0.000251073,0.002048279,0,0.004031998,0,0,0
n-Tetradecane,Aliphatic,Lipid,0,0,0,0,0,0,0,0,0,0,0,0.000606551,0,0,0,0,0,0,0,0,0,0,0,0.000780133,0.002389896,0,0,0,0.00154679,0.00278956,0,0.005593133,0,0,0
n-Pentacosane (C25),Aliphatic,Lipid,0,0,0,0,0,0,0,0,0,0,0,0,0,0,0,0.002329191,0,0,0,0,0,0,0,0,0,0,0,0.003904869,0,0.00505242,0,0,0.016735596,0.008424873,0
n-Tricosane (C23),Aliphatic,Lipid,0,0,0,0,0,0,0,0,0,0,0,0,0,0,0,0.003493787,0,0,0,0,0,0,0,0,0,0,0,0.004617244,0,0.004155079,0,0,0.006438814,0,0
n-Hexadecane,Aliphatic,Lipid,0,0,0,0,0,0,0,0,0,0,0,0,0.002044025,0,0,0.003003431,0,0,0,0,0,0,0,0,0,0,0,0,0,0.002223845,0,0.004672176,0,0,0
n-Heptacosane (C27),Aliphatic,Lipid,0,0,0,0,0,0,0,0,0,0,0,0,0.003778869,0,0,0.002160631,0,0,0,0,0,0,0,0,0,0,0,0,0,0.003745424,0,0,0,0,0
n-Heptane,Aliphatic,Lipid,0,0,0,0,0.000753006,0,0,0,0,0,0,0,0,0,0,0.00190013,0,0,0,0,0,0,0,0,0,0,0,0,0,0.001029991,0,0,0,0,0
Dodecene,Aliphatic,Lipid,0,0,0,0,0,0,0,0,0,0,0,0,0,0,0,0,0,0,0,0,0,0,0,0,0.028165636,0,0,0,0.009773918,0,0,0,0,0,0
n-Nonacosane (C29),Aliphatic,Lipid,0,0,0,0,0,0,0,0,0,0,0,0,0.002250145,0,0,0.000746261,0,0,0,0,0,0,0,0,0,0,0,0,0,0,0,0,0,0,0
n-Heneicosane (C21),Aliphatic,Lipid,0,0,0,0,0,0,0,0,0,0,0,0,0,0,0,0,0,0,0,0,0,0,0,0,0,0,0,0,0,0,0,0,0.010403208,0,0
n-Eicosane,Aliphatic,Lipid,0,0,0,0,0,0,0,0,0,0,0,0,0,0,0,0,0,0,0,0,0,0,0,0,0,0,0,0,0,0,0,0,0.006784701,0,0
n-Hexacosane (C26),Aliphatic,Lipid,0,0,0,0,0,0,0,0,0,0,0,0,0,0,0,0,0,0,0,0,0,0,0,0,0,0,0,0,0,0,0,0,0.004895627,0,0
C14_alkene_#3,other,Lipid,0,0,0,0,0,0,0,0,0,0,0,0,0,0,0,0,0,0,0,0,0,0,0,0,0,0,0,0,0.00471883,0,0,0,0,0,0
n-Octacosane,Aliphatic,Lipid,0,0,0,0,0.00293379,0,0,0,0,0,0,0,0,0,0,0,0,0,0,0,0,0,0,0,0,0,0,0,0,0,0,0,0,0,0
"Hex-2-yn-4-one, 2-methyl-",Aliphatic,Lipid,0,0,0,0,0,0,0,0,0,0,0,0,0,0,0,0,0,0,0,0,0,0,0,0,0,0,0,0,0,0,0,0.00052562,0,0,0
Propene,Aliphatic,Lipid,0,0,0,0,0,0,0,0,0,0,0,0,0,0,0,0,0,0,0,0,0,0,0,0,0.000515905,0,0,0,0,0,0,0,0,0,0
n-Triacontane (C30),Aliphatic,Lipid,0,0,0,0,0,0,0,0,0,0,0,0,0,0,0,0,0,0,0.000380638,0,0,0,0,0,0,0,0,0,0,0,0,0,0,0,0
"Pyrazolo[5,1-c][1,2,4]benzotriazin-8-ol",Aromatic,N-Bearing,0.005985143,0.003772065,0.003789783,0.013517738,0.000964239,0.00509957,0,0.001858728,0.00338115,0.004025716,0.003338659,0.01387204,0.026967387,0.004370822,0.010403593,0.025743694,0.00214021,0.019375913,0.006991644,0.008235133,0.012318402,0.005820737,0.053034088,0.002526648,0.00271896,0.005418308,0.006501357,0.0316611,0.000456191,0.027700528,0.004219446,0.000677241,0.007715934,0.018226888,0.002422941
3-Phenylpyridine,Aromatic,N-Bearing,0.006201909,0.004661194,0.005027263,0.002338203,0.001259574,0.009835966,0,0.001169506,0.002738038,0.004685669,0.00124396,0.003276123,0.011267902,0.003311229,0.012343946,0.014373562,0.003069709,0.017788206,0.000958763,0.004313641,0.013458648,0.001474849,0.006981541,0.002807778,0.004210902,0.007232367,0.011030392,0.017967674,0.000541376,0.009402574,0.000657028,0.000865925,0.011148195,0.020373611,0.002221372
5H-1-Pyrindine,Aromatic,N-Bearing,0.002071317,0.004903684,0.004202276,0.003569936,0.001903052,0.002693542,0.006552153,0,0.001347839,0.001409001,0.005416046,0.001020278,0.00424264,0.00083443,0.00233668,0.005102768,0.002275449,0.006086213,0.000893465,0.008627282,0.001944027,0.002307319,0.001313042,0.003619538,0,0.003759399,0.003451563,0.005065776,0,0.003823453,0,0,0.001689524,0.002588218,0.003883287
Diethyltoluamide (DEET),Aromatic,N-Bearing,0.00175219,0.001786342,0,0.009185799,0,0.00416137,0.001701674,0.002203339,0.001582748,0.000580759,0.001157402,0.001241183,0,0.002268192,0.004499967,0.000992971,0.001047565,0,0.001624482,0,0,0.000530946,0.017165623,0.002526648,0.012409612,0.004630624,0.002921958,0.0033508,0.001423495,0.000854425,0.000538482,0.001639754,0.001662917,0.006237646,0.00340199
Aniline,Aromatic,N-Bearing,0,0.012905851,0.0117045,0.004483296,0.009837977,0,0.019137944,0,0.000997401,0.001890766,0.0156546,0.001488296,0.002147085,0,0.00161008,0.00380026,0.003649304,0.013260299,0,0.019607459,0.011776317,0,0,0.005025184,0,0.00550185,0.010738196,0.009946862,0,0.001790781,0,0,0.006013108,0.002689479,0.003459581
Pyridine 3-methyl,Aromatic,N-Bearing,0,0.008621863,0.012426363,0.007567846,0.005417733,0,0.014565578,0,0,0,0.007938588,0.001527609,0.007935626,0,0,0.013714646,0.002318382,0.006468438,0.000468233,0.010588028,0.008056496,0,0,0.002811292,0.001505886,0.001873732,0.004273364,0.00757228,0,0.001533283,0,0,0.002051374,0,0
"1H-Pyrrole, 3-methyl-",Aromatic,N-Bearing,0,0.005307834,0.003299947,0,0.002699087,0,0.003186515,0,0,0,0.003858006,0.001742897,0.00936129,0,0.002303653,0.020533661,0.001056152,0.006468438,0.000383824,0.007581551,0.009215436,0,0,0.000969896,0,0.000744719,0.003013269,0.007915275,0,0.007763951,0,0.008648017,0.001551169,0,0
"Propane, 2-nitro-",Aliphatic,N-Bearing,0,0.008783523,0.001691223,0,0.001150046,0,0.018053775,0,0,0,0.005811739,0.001155067,0.003504043,0,0,0.004995503,0.001942718,0.001714136,0.000283488,0.009803729,0.003233814,0,0,0.003549256,0,0.002637546,0.002976745,0.002179339,0,0.00134211,0,0.000823246,0.000744987,0,0.002982398
4-Pyridinecarboxaldehyde,Aromatic,N-Bearing,0,0.00625085,0.009384225,0.004681626,0.003989955,0,0.002022211,0,0,0.000646754,0.006405279,0.001115754,0.002559325,0,0,0.003386522,0.001644334,0.007144684,0,0.005490088,0.009607979,0,0,0.0014689,0,0,0.004510773,0.008284654,0,0.003608872,0,0,0.00311298,0.002430252,0
"Pyridine, 2-ethyl",Aliphatic,N-Bearing,0,0.002036915,0.000696083,0,0.001144178,0,0.002050494,0,0,0,0.001211809,0.0004156,0.00112679,0,0,0.00384623,0.000560276,0.001908189,0,0.002186232,0.001658031,0,0,0,0,0,0.001398887,0.001556671,0,0.001385026,0,0,0.000417725,0,0
3-Pyridinecarbonitrile,Aromatic,N-Bearing,0,0,0.000757957,0,0.000600449,0,0,0,0,0,0.001125252,0.000756316,0,0,0,0.001000633,0,0.001814103,0.000476196,0.001918263,0.001188847,0,0,0,0,0.000866452,0.001336796,0.002005203,0,0,0,0,0.000875359,0.00115842,0
"1H-Tetrazole, 1-methyl-",Aromatic,N-Bearing,0,0,0,0,0,0,0,0,0,0,0.001187079,0.000995941,0.001958141,0,0,0.001869483,0,0,0.001030431,0.001941138,0.001459889,0,0,0,0,0.001277002,0.001528549,0.001701784,0,0.0007881,0,0.002223776,0,0,0
"1H-Pyrrole-2-carboxaldehyde, 1-methyl-",Aromatic,N-Bearing,0,0.00050384,0,0,0,0,0,0,0,0,0.000353651,0,0,0,0,0.006834338,0,0.001573007,0,0.000571884,0.001121554,0,0,0,0,0,0.000315937,0,0.000212964,0,0,0.000302119,0,0,0
"Piperidine-2,5-dione",Aromatic,N-Bearing,0,0.001161257,0,0,0,0,0,0,0,0,0,0,0.002920036,0.000331123,0,0.003355874,0,0,0,0,0.00211226,0,0.00231864,0,0,0,0,0,0,0.00226286,0,0,0,0,0.001003731
p-Aminotoluene,Aromatic,N-Bearing,0.00045581,0,0,0,0,0,0,0,0,0,0.000628162,0,0.002147085,0,0.001638979,0,0,0,0,0.002483611,0,0,0,0,0,0.000422485,0.000405422,0,0,0,0,0,0,0,0
N-Butyl-tert-butylamine,Aliphatic,N-Bearing,0,0,0,0,0,0.001997458,0,0,0,0,0,0,0,0,0,0,0,0,0,0,0,0,0.002254589,0,0.001450112,0,0,0,0.000493179,0,0,0,0,0,0
Thiazole,Aromatic,N-Bearing,0,0.000414927,0.001294198,0,0,0,0,0,0,0,0,0,0,0,0,0,0,0,0,0.001238538,0,0,0,0,0,0,0,0,0,0,0,0,0,0,0
Hexanedinitrile,Aliphatic,N-Bearing,0,0,0,0,0.000618052,0,0,0,0,0,0,0,0,0,0,0.002313868,0,0,0,0,0,0,0,0,0,0,0,0,0,0,0,0,0,0,0
5-Dimethylaminopyrimidine,Aromatic,N-Bearing,0,0,0,0,0,0,0,0,0,0,0,0,0.000748903,0,0,0.001976748,0,0,0,0,0,0,0,0,0,0,0,0,0,0,0,0,0,0,0
Pyrimidine,Aromatic,N-Bearing,0,0,0,0,0,0,0,0,0,0,0,0,0,0,0,0.001884806,0,0,0,0,0,0,0,0,0,0.000274496,0,0,0,0,0,0,0,0,0
"Ethanone, 1-(1-methyl-1H-pyrrol-2-yl)-",Aromatic,N-Bearing,0,0,0,0,0,0,0,0,0,0,0,0,0,0,0,0.001075719,0,0,0,0,0,0,0,0,0,0,0,0,0,0,0,0,0,0,0
4-Amino-2(1H)-pyridinone,Aromatic,N-Bearing,0,0,0,0,0,0,0,0,0,0,0,0,0,0,0,0,0,0,0,0,0,0,0,0,0.000923052,0,0,0,0,0,0,0,0,0,0
2-Amino-4-methylpyrimidine,Aromatic,N-Bearing,0,0,0,0,0,0,0,0,0,0,0,0,0,0,0,0,0,0,0,0,0,0,0,0,0,0,0,0,0,0.000727627,0,0,0,0,0
"Dimethylpyrrole (2,5 or 2,4)",Aromatic,N-Bearing,0,0.000463425,0,0,0,0,0,0,0,0,0,0,0,0,0,0,0,0,0,0,0,0,0,0,0,0,0,0,0,0,0,0,0,0,0
2-Pyrimidinamine,Aromatic,N-Bearing,0,0,0,0,0,0,0,0,0,0,0,0,0,0,0,0.000375429,0,0,0,0,0,0,0,0,0,0,0,0,0,0,0,0,0,0,0
"Pyridine, 4-methoxy-",Aromatic,N-Bearing,0,0,0,0,0,0,0,0,0,0,0,0,0,0,0,0,0,0,0,0,0,0,0,0,0,0,0,0,0,0.000185711,0,0,0,0,0
1H-Pyrrole-2-carboxaldehyde,Aromatic,N-Bearing,0,0,0,0,0,0,0,0,0,0,0,0,0,0,0,0,0,0,0,0,0,0,0,0,0,0,0,0,0,0,0,0,0,0,0
"Phenol, 4-methyl-",Aromatic,Phenol,0.029865503,0.045534212,0.042538381,0.020041743,0.038726031,0.039419527,0.017818086,0.009117264,0.012323096,0.007820448,0.048472378,0.033697264,0.060290145,0.015364101,0.011064139,0.070948395,0.0337024,0.08232558,0.011148407,0.072874388,0.049722228,0.020451238,0.007878252,0.010788332,0.012353838,0.035565103,0.040176925,0.075195112,0.014234949,0.066325209,0.000498296,0.023136254,0.039643939,0.056300833,0.025669188
Phenol,Aromatic,Phenol,0.047628252,0.076788464,0.062647434,0.082985343,0.053590568,0.075131651,0.064107399,0.013540223,0.02252816,0.026860103,0.071719335,0.047363376,0.069737319,0.018443544,0.050779444,0.066811015,0.044650313,0.0811495,0.017041136,0.11012856,0.051591485,0.02654728,0.051304715,0.04076373,0,0.067669173,0.050038533,0.085748811,0.016588759,0.060863133,0.004299816,0.023922437,0.051616941,0.070072259,0.044838807
"Benzene, 1-ethyl-4-methoxy-",Aromatic,Phenol+TMAH,0,0,0,0,0,0,0,0,0,0,0,0,0.00053763,0,0,0,0,0,0,0,0,0,0,0,0,0,0,0,0,0,0,0,0,0,0
"Benzofuran, 2-methyl-",Aromatic,Polysaccharide,0.002902253,0.009187672,0.001949031,0.002207723,0.001578379,0.004108407,0.014047062,0.000947002,0.001625108,0.003250271,0.001795456,0.000932291,0.005805718,0.000533108,0.002807319,0.0092095,0.003563438,0.00132897,0.000832945,0.014019333,0.001486059,0.002091008,0.001543625,0.005868571,0.001809851,0.005310896,0.002374091,0.001113415,0.000521201,0.015254798,0,0.002684255,0.001508598,0.002952756,0.004113652
Furfural,Aromatic,Polysaccharide,0.001288552,0.003206255,0.00275855,0.008663879,0,0.010441257,0,0,0,0,0.004402083,0.004848662,0.004122403,0.00134767,0.002514202,0.005930244,0.003477572,0.004498505,0.002181903,0.008986752,0.00284127,0,0.017229673,0.002041701,0.003067545,0.002542069,0,0.006912673,0,0.004720794,0.00124775,0,0.002767094,0.006075629,0.002961829
"2-Cyclopenten-1-one, 2-methyl-",Aromatic,Polysaccharide,0,0.006789717,0.003944468,0,0.002073212,0,0.007636323,0,0,0,0.004624661,0.001141963,0.006681728,0,0.001003204,0.008182817,0.001386736,0.006468438,0.000372675,0.00977105,0.004392753,0,0,0.001781656,0.002582315,0.001277002,0.003141105,0.005857303,0.00066243,0.003238231,0,0.00330197,0.001865128,0.001729529,0
"Furan, 2,4-dimethyl-",Aromatic,Polysaccharide,0,0.001468411,0.004692112,0.00058977,0.001208722,0.001558622,0.000928615,0,0,0.000362974,0.004130044,0.000821839,0.006527138,0,0.002303653,0.007033545,0.000450796,0.008761794,0,0.003758096,0.003009503,0,0.001991981,0,0,0.001802124,0.002301042,0.007176516,0,0.004935376,0,0.001898071,0.001960912,0.000530605,0
"Furfural, 5-methyl-",Aromatic,Polysaccharide,0,0.001686652,0,0.003173276,0,0,0,0,0,0,0.001493741,0.001542586,0.002232968,0,0,0.001117092,0.001090498,0.001846445,0.00061157,0.002048979,0.001671116,0,0.006219336,0,0.002774733,0.000909416,0.001625339,0.001509179,0.005189592,0.00120946,0.000536472,0.008928797,0.001016375,0.002596319,0
"2-Cyclopenten-1-one, 2,3-dimethyl-",Aromatic,Polysaccharide,0,0.002855992,0.002196527,0.001649268,0.0010014,0,0.001663964,0,0,0,0.002146634,0.000692666,0.005135827,0,0.000631647,0.005930244,0.000693368,0.004763123,0,0.003264642,0.002486111,0,0,0.001180743,0.001076429,0.000543024,0.001574205,0.004300633,0,0.003530842,0,0.000895126,0.001050963,0,0
"Benzofuran, 2,3-dihydro-",Aromatic,Polysaccharide,0,0,0,0.000840292,0,0,0,0,0,0,0,0.005354121,0.005668304,0,0,0.005501182,0.001000339,0.004674917,0.001575111,0,0.002542189,0,0.006981541,0,0.001776387,0,0.002027108,0.002770346,0.002062386,0.008856366,0.0014105,0.004267853,0.002458456,0.004046369,0
Levoglucosan,Aromatic,Polysaccharide,0.021255086,0.009537936,0.00275855,0,0,0,0,0.004802845,0.016944257,0.003009388,0.039569288,0.014040527,0.007265735,0.029205037,0,0,0,0.047631228,0.007787959,0,0,0,0,0.00797704,0,0,0.01329491,0,0,0.00678858,0.011372411,0.010793175,0,0,0
3-Furaldehyde,Aromatic,Polysaccharide,0,0,0,0.002828809,0,0,0,0,0,0,0,0.001093289,0.00013518,0,0,0.001064992,0,0,0.000718276,0,0,0,0.021392977,0,0.102344441,0,0.001309403,0.001883835,0.027909467,0.001080711,0,0.026505611,0.000713059,0,0
Cyclopentanone,Aromatic,Polysaccharide,0,0.00754413,0,0,0.000823417,0,0.004506373,0,0,0,0.002379103,0,0.000870858,0,0,0,0,0,0,0.004836506,0,0,0,0,0,0,0.001862748,0,0,0,0,0,0.00025436,0,0.001184732
"Furan, 2,5-dimethyl-",Aromatic,Polysaccharide,0,0,0,0,0,0,0,0,0,0,0.000459993,0,0.000499841,0,0,0.000672707,0,0,0,0.000970569,0.000265434,0,0,0,0,0,0.000405422,0.000440617,0,0.000273104,0,0.001684679,0,0,0
2-Acetylfuran,Aromatic,Polysaccharide,0,0,0,0,0,0,0,0,0,0,0,0.000561621,0.000506712,0,0,0.000493421,0,0,0,0,0,0,0,0,0.003764714,0,0,0.00063586,0.001199322,0.000245793,0,0.000776075,0,0,0
"Cyclopent-2-ene-1-one, 2,3,4-trimethyl-",Aromatic,Polysaccharide,0,0.000205847,0.000654833,0,0,0,0,0,0,0,0,0,0,0,0,0.000698757,0,0.0005851,0,0,0,0,0,0,0,0,0,0.000868042,0.002152055,0,0,0.005862682,0,0,0
"2-Cyclopenten-1-one, 2-hydroxy-3-methyl-",Aromatic,Polysaccharide,0,0,0,0.00033977,0,0,0,0,0,0,0.000558916,0,0,0,0,0,0,0,0,0,0,0,0,0,0,0,0.00034333,0,0.000696055,0,0,0.000671625,0,0,0
"2(3H)-Furanone, 5-methyl-",Aromatic,Polysaccharide,0,0,0,0,0,0,0,0,0,0,0,0.00074134,0,0,0,0,0,0,0,0,0,0,0,0,0.010569085,0,0,0,0.013450345,0,0,0.012241998,0,0,0
2(5H)-Furanone,Aromatic,Polysaccharide,0,0,0,0,0,0,0,0,0,0,0,0.000114196,0,0,0,0,0,0,0,0,0,0,0,0,0.004210902,0,0,0,0.000692693,0,0,0.00038523,0,0,0
"Furan, 2-ethyl-5-methyl-",Aromatic,Polysaccharide,0,0,0,0,0,0,0,0,0,0,0,0,0.00025078,0,0,0.000255905,0,0,0,0,0,0,0,0,0,0,0,0,0,0,0,0.001190506,0,0,0
"1,2-Cyclohexanedione",Aromatic,Polysaccharide,0,0,0,0,0,0,0,0,0,0,0,0,0,0,0,0,0,0,0,0,0,0,0.003753379,0,0.003346412,0,0,0,0,0,0,0,0,0,0
Methyl 2-furoate,Aromatic,Polysaccharide,0,0,0,0.002437368,0,0,0,0,0,0,0,0,0,0,0,0,0,0,0,0,0,0,0.00115932,0,0,0,0,0,0,0,0,0,0,0,0
Vinylfuran,Aromatic,Polysaccharide,0,0,0,0,0,0,0,0,0,0,0,0,0.000151155,0,0,0,0,0,0,0,0,0,0,0,0.002900224,0,0,0,0,0,0,0,0,0,0
"4H-Pyran-4-one, 3-hydroxy-2-methyl-",Aromatic,Polysaccharide,0,0,0,0,0,0,0,0,0,0,0,0,0,0,0,0,0,0,0,0,0,0,0,0,0,0,0,0,0,0,0,0.001336512,0,0,0
"Furan, 2-ethyl-",Aromatic,Polysaccharide,0,0,0,0,0,0,0,0,0,0,0,0,0,0,0,0,0,0,0,0,0.001091646,0,0,0,0,0,0,0,0,0,0,0,0,0,0
2-Furanmethanol,Aromatic,Polysaccharide,0,0,0,0,0,0,0,0,0,0,0,0,0,0,0,0,0,0,0,0,0,0,0,0,0,0,0,0,0.000498784,0,0,0,0,0,0
"2(5H)-Furanone, 5-methyl-",Aromatic,Polysaccharide,0,0,0,0,0,0,0,0,0,0,0,0,0,0,0,0,0,0,0,0,0,0,0,0,0,0,0,0,0.000312721,0,0,0,0,0,0
2H-Pyran-2-one,Aliphatic,Polysaccharide,0,0,0,0,0,0,0,0,0,0,0,0,0,0,0,0,0,0,0,0,0,0,0,0,0,0,0,0,0.000305995,0,0,0,0,0,0
Styrene,Aromatic,Protein,0.006021271,0.011343138,0.006574113,0.006471813,0.00657169,0.013240724,0.020976318,0.001524971,0.003007606,0.003095181,0.009026744,0.023962499,0.006973732,0.00579465,0.00251833,0.009607914,0.004121567,0.007556312,0.005335309,0.028071345,0.029534256,0.00393293,0.017165623,0.005587442,0.017568664,0.004296455,0.006464832,0.006569678,0.03934226,0.006125328,0.001878658,0.077382908,0.003857967,0.003045916,0.005800249
Benzyl nitrile,Aromatic,Protein,0.009694246,0.001331,0.014617735,0.014196235,0.011285313,0.009911628,0.011595897,0.002132789,0.003554443,0.006962508,0.012043902,0.008499199,0.016919029,0.003807913,0.010940287,0.002804224,0.007942604,0.024697674,0.002643765,0.026731502,0.015982145,0.006397567,0.01152915,0.008047322,0.003430073,0.009977324,0.011961766,0.019418808,0.001714919,0.019507414,0.000769547,0.004009535,0.012717988,0.013852435,0.0047307
Indole,Aromatic,Protein,0.015173602,0.008891296,0.008069402,0.033663866,0.006141401,0.009155015,0,0.003934534,0.008010013,0.01075724,0.008779436,0.015613066,0.023360284,0.006324447,0.015151265,0.031566672,0.006182351,0.051453488,0.005781245,0.016078116,0.022618006,0.012847573,0.02619679,0.00520089,0.006079316,0.007614274,0.011267801,0.042742484,0.0032505,0.036869013,0.002049445,0.004705869,0.015272229,0.036980331,0.003698173
3-Methylindole,Aromatic,Protein,0.011500627,0.00705915,0.006960826,0.006002085,0.00059067,0.001702379,0,0.002469259,0.005660922,0.008942369,0.000949663,0.008424316,0.025077952,0.004370822,0.012674219,0.038309068,0.005173426,0.052629567,0.002739323,0.010816781,0.022431081,0.00793141,0.014219284,0.002723439,0.003848374,0.004141306,0.007743189,0.037729477,0.00170371,0.031406937,0.001233686,0.003964611,0.012212462,0.035441172,0.001711279
Ethylbenzene,Aromatic,Protein,0.000873084,0.004176215,0.005130387,0.000949895,0.003442314,0.002179045,0.051851573,0.000993131,0.000912679,0.001610286,0.00276985,0.007151308,0.011164842,0.000761583,0.001589438,0.019001298,0.0084578,0.002575615,0.001672261,0.007385476,0.011925858,0,0,0.013599624,0.00208593,0.006647571,0.008546728,0.00253025,0.004629161,0.011060704,0.000275269,0.021563887,0.001186658,0.00067642,0.005388884
Benzonitrile,Aromatic,Protein,0.004612293,0.017405385,0.012787295,0.00819415,0.012204567,0,0,0.003283301,0.010936748,0.00524663,0.014937406,0.00718875,0.007729506,0.00347679,0.005986195,0.00904094,0.009402326,0.011643189,0.003344522,0.023659667,0.008635966,0.008652447,0,0.014126741,0,0.015276286,0.010409476,0.006358604,0,0.007959025,0.000520398,0,0.008168248,0.005063025,0.019868939
Pyridine,Aromatic,Protein,0.007827652,0.022794049,0.015752091,0.013622122,0.010229149,0.007248351,0.051380195,0.001628083,0.007239819,0.010889231,0.021293223,0.00481122,0.009275407,0,0.004747672,0,0.007942604,0.00870299,0,0.015685967,0.010804304,0,0,0.012615671,0,0.005537654,0.006318735,0.007915275,0,0.007081191,0,0,0.005294727,0.008627394,0.006335024
Pyrrole,Aromatic,Protein,0,0.010938988,0,0.011899785,0,0.003261001,0.0200807,0,0.001147588,0.004883655,0,0,0.003538396,0.000329798,0.00644032,0.009163529,0,0.00899701,0,0,0.006505013,0.002838265,0.007942303,0,0.008170823,0.004940924,0.006190899,0.002638425,0,0.008622277,0,0.009759905,0,0.009680503,0
"1H-Pyrrole, 2-methyl-",Aromatic,Protein,0,0.002694332,0,0.004373693,0.000997489,0,0.004261257,0,0,0.001283609,0,0.001098905,0.002353205,0,0,0,0.00089086,0.002322757,0.00027871,0.006307066,0.003121659,0,0,0,0,0.001587302,0.001935797,0.004670012,0.006288036,0.001406485,0,0.009389276,0.000734344,0.002713781,0
"1H-Pyrrole, 1-methyl-",Aromatic,Protein,0,0.004337875,0.002062467,0,0.001863935,0,0.004591221,0,0,0,0.003858006,0.001149451,0.001889435,0,0,0.003003431,0.001099085,0,0,0.004117566,0.001213148,0,0,0.000860958,0.001065275,0,0.001177914,0.001580417,0,0,0,0,0.000351208,0,0
4-Pyridinamine,Aromatic,Protein,0,0,0.000696083,0,0,0,0,0,0,0,0.00065042,0,0.001643808,0,0,0.011262866,0,0.002810831,0,0.001137233,0.002448726,0,0,0,0,0,0.000597175,0.001495987,0.000280216,0.001759569,0,0.000639055,0,0,0
"Pyridine, 3,5-dimethyl-",Aromatic,Protein,0,0,0,0,0,0,0.002602006,0,0,0,0,0,0.000731727,0,0,0.001823512,0,0.001843505,0,0,0.002803885,0,0,0,0,0,0.001124954,0.000999963,0,0,0,0,0.000933894,0,0
"1 H-Pyrrole, 2-ethyl-",Aromatic,Protein,0,0,0,0,0,0,0,0,0,0,0,0,0.000748903,0,0,0.002926813,0,0,0,0,0,0,0,0,0,0,0,0,0.000206239,0.000561814,0,0,0,0,0
Toluene,Aromatic,Unknown Origin,0.005220442,0.110198182,0.009487348,0.006680581,0.008292847,0.009533321,0.184308771,0.005779694,0.01070569,0.006533539,0.089278207,0.012861122,0.020783782,0.00291057,0.008752229,0.091175583,0.03413173,0.01711196,0.00245265,0.147382731,0.000289735,0.003893601,0.005732549,0.053063131,0.012800027,0.040816327,0.053143114,0.077305852,0.018270052,0.07861488,0.000699222,0.045710948,0.029001271,0.006197142,0.04195925
Monobenzone,Aromatic,Unknown Origin,0.002468721,0.009457106,0.006187401,0.0163883,0.004850533,0.00402518,0.003049815,0.001269905,0.003134688,0.004190704,0.005787008,0.004960986,0.012350033,0.001854288,0.005408217,0.015323627,0.004207433,0.014671594,0.001315512,0.011862513,0.011925858,0.001206099,0.005867056,0.004638631,0.001196342,0.006396945,0.007980598,0.017492758,0.002465897,0.009714692,0.000534463,0.003167196,0.005161694,0.008546385,0.002690328
Phenanthrene,Aromatic,Unknown Origin,0.014812326,0.006358624,0.000688348,0.000840292,0.005515526,0.009987289,0.006693567,0.002984819,0.005429864,0.000722649,0.005366585,0.004155996,0.001569949,0.004735057,0.007926547,0.002911489,0.002962377,0.007468106,0.001403107,0.006927969,0.00495353,0.008980191,0.001351473,0.005130607,0.000686015,0.006086645,0.003360252,0.005540692,0.000262282,0.003491827,0.000632917,0.001078194,0.005853467,0.002130521,0.00202803
"1H-Inden-1-one, 2,3-dihydro-",Aromatic,Unknown Origin,0.00369706,0.005442551,0.004743674,0.006054277,0.002816439,0.003374493,0.00401614,0.001041973,0.001983248,0.001765375,0.004674122,0.00239625,0.006149251,0.001476808,0.004169694,0.006175422,0.001809626,0.008791196,0.001097322,0.008202454,0.004037594,0.00310046,0.001806233,0.002934286,0.002010636,0.004559017,0.003049794,0.006358604,0,0.006515476,0.000289333,0.000926573,0.003086374,0.004576974,0.002361236
Dimethylbenzofuran,Aromatic,Unknown Origin,0.001077807,0.00246262,0.002706988,0.001764091,0.00195586,0.001104655,0.002583151,0.000248554,0.000620006,0.001079024,0.002596735,0.000561621,0.003658633,0.000324169,0.000970176,0.004918884,0.001045418,0.001187841,0.00027234,0.003065299,0.000876681,0.000662043,0.000986383,0.000941783,0.000778041,0.001066953,0.000772493,0.001015794,0,0.002106801,0,0.000862555,0.001561812,0.001446,0.000670525
C9_H8,other,Unknown Origin,0.006201909,0.012851964,0.01046702,0.009185799,0.007862558,0,0.022060487,0.000879165,0.002830461,0.003695739,0.013132058,0,0.012762273,0.002407263,0.003294471,0.016396281,0.004100101,0.014583388,0.000974689,0.018006183,0.009364976,0.001592837,0,0.005903713,0,0.004141306,0.007432731,0.010237089,0,0.0113143,0,0,0.004230461,0.009639999,0.003204535
Indane,Aromatic,Unknown Origin,0.000404629,0.003960668,0.002939015,0,0.002053653,0,0.005090882,0.000233359,0,0.000233294,0.002695658,0.000868641,0.003349453,0,0,0.005256004,0.001466162,0.003528239,0.000345601,0.004934544,0.002654345,0,0,0.002403654,0.000510328,0.003258145,0.001972322,0.002622594,0.000235381,0.002633501,0,0.001898071,0.00139419,0,0.001604324
1-Undecanol,Aliphatic,Unknown Origin,0,0.001829451,0.000688348,0,0.000645434,0,0,0,0,0,0.001832553,0.001984394,0.002181438,0,0,0.003156667,0.000508756,0.001155498,0.001184916,0.004836506,0.00050283,0,0,0.001598922,0.005186939,0.001682778,0.000635526,0.002226831,0.003698845,0.004408676,0,0.005716676,0.000393779,0,0.000974936
"2,3,6-Trimethylnaphthalene",Aromatic,Unknown Origin,0.001113935,0.004014555,0.003196824,0.002985385,0.001662481,0,0.000923901,0,0.000612304,0.000765546,0.003239735,0,0.006698905,0,0.000772013,0.002911489,0.000721274,0.001593588,0,0.002450932,0.001310349,0,0,0.000657139,0,0.000921351,0.000219147,0,0,0.001459155,0,0.000467218,0,0.00116247,0
"Spiro[2.4]hepta-4,6-diene",Aromatic,Unknown Origin,0,0,0.094100055,0,0.066108073,0.000953332,0.000688212,0,0,0,0.000502035,0.041747166,0.077638591,0,0,0.000688031,0,0.093204317,0.011689901,0.001127429,0.074022566,0.001081556,0,0.001338878,0,0.002542069,0,0,0,0,0,0,0.000305977,0.000716924,0
Trimethylphenol,Aromatic,Unknown Origin,0,0,0,0,0.000514391,0,0,0,0,0,0.000336339,0,0.000767798,0,0,0.001202905,0.000407863,0.000514535,0,0.000431364,0.000289735,0,0,0,0,0.000585989,0.000818148,0.000910257,0,0.00105145,0,0.000473956,0.000606632,0.000899193,0
2-Pentanone,Aliphatic,Unknown Origin,0,0,0.001281308,0,0.000561332,0,0.001098311,0,0,0,0.001815241,0,0.00135524,0,0,0.001578334,0,0.001270166,0,0,0.001173893,0,0,0,0,0,0.000927722,0.001145076,0,0.000606681,0,0,0.000923251,0,0
"2,3,5-Trimethylnaphthalene",Aromatic,Unknown Origin,0,0.001355249,0.001108576,0,0.000733448,0,0,0,0,0.000729249,0.000937298,0,0.000489535,0,0,0.002390486,0.00043577,0,0,0.001548989,0.000757049,0,0,0,0,0,0,0,0,0,0,0,0.000641221,0.000700723,0
"Benzene, heptyl-",Aromatic,Unknown Origin,0,0.000652028,0.000407337,0,0,0,0,0,0,0,0.000516874,0,0.000717985,0,0,0.000879576,0,0,0,0.001029392,0.000471053,0,0,0,0,0.000303139,0.000675703,0.000736121,0,0.001466958,0,0.000321212,0,0,0
"Benzene, pentyl-",Aromatic,Unknown Origin,0,0.001158563,0.001350916,0,0.000995533,0,0,0,0,0,0.001983411,0.001909512,0.001432535,0,0,0,0,0,0,0.003725417,0,0,0,0,0,0,0,0.002593572,0,0.002106801,0,0.001325281,0,0,0
C11_H12,other,Unknown Origin,0,0.000449953,0.000407337,0,0,0,0,0,0,0,0.000388274,0,0.000671608,0,0,0.001184516,0,0.000699767,0,0,0.000500961,0,0,0,0,0,0.000325068,0.000506578,0,0.000567666,0,0,0,0,0
"1,3,5-Cycloheptatriene",Aromatic,Unknown Origin,0,0,0,0,0,0,0,0,0,0,0,0.007975019,0,0,0,0,0,0.004292691,0.002134124,0,0,0,0.01697347,0.002171723,0.015003081,0,0,0,0.008002955,0.00520848,0,0.023023942,0,0,0
"1-Propene, 3-azido-",Aliphatic,Unknown Origin,0,0.001581573,0,0,0,0,0.003827589,0,0,0,0,0,0,0,0,0,0.000785674,0,0,0.002679686,0.000902851,0,0,0.00037601,0,0,0.000681181,0.000749313,0,0.000542306,0,0,0,0,0
"(E)-1,3-Butadien-1-ol",Aliphatic,Unknown Origin,0,0.000643945,0,0,0.000842976,0,0,0,0,0,0.001684168,0,0.000879446,0,0,0.000960791,0,0,0,0.006568499,0.000671063,0,0,0,0,0,0.000787102,0,0,0,0,0,0,0,0
Cyclobut-1-enylmethanol,Aromatic,Unknown Origin,0,0.003637348,0,0,0,0,0,0,0,0,0.002366738,0,0.002628032,0,0,0.003156667,0,0,0.001143508,0.007385476,0,0,0,0,0,0,0,0,0,0.004993898,0,0,0,0,0
Acenaphthylene,Aromatic,Unknown Origin,0,0.000673583,0.001608724,0,0,0,0.001008749,0,0,0,0.001290948,0,0,0,0,0,0,0,0,0.001905191,0,0,0,0.00097341,0,0,0,0,0,0,0,0,0,0.000530605,0
Acenaphthene,Aromatic,Unknown Origin,0,0.000794828,0.000415071,0,0,0,0,0,0,0,0.001026328,0,0.002044025,0,0,0.001823512,0,0,0,0.000921551,0,0,0,0,0,0.000466643,0,0,0,0,0,0,0,0,0
7-Methylindan-1-one,Aromatic,Unknown Origin,0,0,0.00041765,0,0.000369658,0,0,0,0,0,0.000598485,0,0,0,0,0.001961424,0.000452943,0,0,0.000970569,0,0,0,0,0,0,0,0,0,0,0,0,0,0,0
Fluoranthene,Aromatic,Unknown Origin,0,0,0,0,0,0,0,0,0,0.00084804,0,0.00043432,0,0,0,0.001333156,0,0,0,0,0,0,0,0,0,0,0,0,0,0.001402583,0,0,0,0,0
C8_H16,other,Unknown Origin,0,0,0,0,0,0.004244598,0,0,0,0,0,0.00213416,0,0,0,0,0,0,0,0,0,0,0,0,0,0.002291443,0,0,0,0,0,0,0,0,0
"Phosphonic acid, (p-hydroxyphenyl)-",Aliphatic,Unknown Origin,0,0,0,0.003810019,0,0,0,0,0,0,0,0,0,0,0,0,0,0,0,0,0,0,0,0,0,0.00044158,0,0,0,0,0,0,0.002344048,0,0
"3-Penten-2-one, (E)-",Aliphatic,Unknown Origin,0,0,0,0,0,0,0,0,0,0,0,0,0.000329792,0,0,0,0,0,0,0,0,0,0,0,0,0,0,0.000543516,0,0,0,0.002616868,0,0,0
2-Methylthiophene,Aromatic,Unknown Origin,0,0,0,0,0,0,0.00094747,0,0,0,0,0,0,0,0,0.00033099,0,0,0,0.000473847,0,0,0,0,0,0,0,0,0,0,0,0,0,0,0
"Ethanone, 1-(3-hydroxy-4-methoxyphenyl)-",Aromatic,Unknown Origin,0,0,0,0,0,0,0,0,0,0,0,0,0,0,0,0,0,0,0,0,0,0,0,0,0,0,0,0,0.000103568,0,0,5.33E-05,0,0,0
D-Limonene,Aromatic,Unknown Origin,0,0,0,0,0,0,0,0,0,0,0,0,0,0,0,0,0,0,0,0,0,0,0,0,0,0,0,0.008759571,0,0,0,0,0,0,0
Calamenene (Naphthalene),Aromatic,Unknown Origin,0,0,0,0,0,0,0,0,0,0,0,0,0,0,0,0,0,0,0,0,0,0,0.005726144,0,0,0,0,0,0,0,0,0,0,0,0
Mequinol,Aromatic,Unknown Origin,0,0,0,0,0,0,0,0,0,0,0,0,0,0,0,0.001823512,0,0,0,0,0,0,0,0,0,0,0,0,0,0,0,0,0,0,0
Pyruvaldehyde,Aliphatic,Unknown Origin,0,0,0,0,0,0,0,0,0,0,0,0,0,0,0,0,0,0,0,0,0,0,0.001351473,0,0,0,0,0,0,0,0,0,0,0,0
"5-Heptadecene, 1-bromo-",Aliphatic,Unknown Origin,0,0,0,0,0,0,0,0,0,0,0,0,0,0,0,0,0,0,0,0,0,0,0,0,0.000992769,0,0,0,0,0,0,0,0,0,0
"6-Methyl-1,2,3,4-tetrahydroquinoline",Aromatic,Unknown Origin,0,0,0,0,0,0,0,0,0,0,0,0,0,0,0,0,0,0,0,0,0,0,0,0,0.000535426,0,0,0,0,0,0,0,0,0,0
3-Methylthiophene,Aromatic,Unknown Origin,0,0,0,0,0,0,0,0,0,0,0,0,0,0,0,0,0,0,0,0,0,0,0,0,0,0.000353264,0,0,0,0,0,0,0,0,0
Pyrene,Aromatic,Unknown Origin,0,0,0,0,0,0,0,0,0,0,0,0,0,0,0,0,0,0,0,0,0,0,0,0,0,0,0,0,0,0,0,0,0,0,0
"Benzene, 2,4-diisocyanato-1-methyl-",Aromatic,Unknown Origin,0,0,0,0,0,0,0,0,0,0,0,0,0,0,0,0,0,0,0,0,0,0,0,0,0,0,0,0,0,0,0,0,0,0,0