Sample,depth,ring,treatment,plant,bulkdensity,drywt,lf_final,hf_final,lf_perC,lf_isoC,lf_perN,lf_isoN,hf_perC,hf_isoC,hf_perN,hf_isoN,soc_perC,soc_isoC,soc_perN
1,80,1,elevated,LATR,1301132.155,25.021,0.112,24.848,9.424988379,-22.00584864,0.89346505,4.693263681,0.2,-24.96,0.0174279,8.5171861,0.125321289,-26.25001982,0.0179
2,80,1,elevated,AMDU,1301132.155,25.056,0.096,25.038,,,,,0.11,-26.47,0.0078585,4.1414968,0.107008551,-25.31938984,0.0190
3,80,1,elevated,PLRI,1301132.155,25.085,0.138,24.966,11.08279564,-20.07954396,1.015953968,5.329856654,0.13,-27.03,0.0112801,8.1631594,0.095959218,-23.96303522,
4,80,1,elevated,LYPA,1301132.155,,,,,,,,,,,,0.090718632,-26.16775418,
5,80,1,elevated,LYAN,1301132.155,25.01,0.041,24.93,8.200348038,-21.54620564,0.743459356,6.515587336,0.11,-28.24,0.0078842,5.7551764,0.119350182,-23.86431646,
6,80,1,elevated,INSP,1301132.155,25.002,0.024,24.94,18.35554722,-20.90156111,1.117391608,4.433948652,0.17,-25.73,0.0108278,7.1321696,0.077935045,-27.28039687,
7,80,2,elevated,LATR,1301132.155,25.057,0.022,24.76,14.23434561,-22.53033753,1.09100102,4.089212201,0.17,-26.18,0.0145043,6.5685351,0.097052052,-25.53225217,0.0178
8,80,2,elevated,AMDU,1301132.155,25.068,0.036,24.895,11.78492445,-22.73917947,1.042383769,4.827497343,0.15,-28.2,0.0111284,6.3231235,0.092655973,-28.26861279,0.0149
9,80,2,elevated,PLRI,1301132.155,25.032,0.064,24.992,6.572649585,-20.81764288,0.600362264,4.645468362,0.13,-25.64,0.01334,6.03123,0.086621646,-27.69069672,
10,80,2,elevated,LYPA,1301132.155,25.014,0.083,24.549,12.27203715,-23.75191985,1.156416934,4.907834156,0.19,-26.89,0.01811,7.08597,0.164641436,-24.35071202,
11,80,2,elevated,LYAN,1301132.155,25.012,0.151,24.948,10.409118,-23.15590974,0.986142493,5.379685817,0.13,-27.6,0.01058,4.99282,0.093966462,-25.73894457,
12,80,2,elevated,INSP,1301132.155,,,,,,,,,,,,,,
13,80,3,elevated,LATR,1301132.155,24.972,0.116,24.585,18.44355451,-21.71213485,1.362165876,4.890546487,0.21,-24.84,0.0211214,9.0323952,0.172714199,-25.70501,0.0246
14,80,3,elevated,AMDU,1301132.155,25.002,0.055,24.958,19.47356397,-19.62657628,1.174413206,4.301748833,0.12,-27.77,0.0077474,7.1401656,0.11948725,-25.79036059,0.0175
15,80,3,elevated,PLRI,1301132.155,25.014,0.246,24.838,13.75373081,-23.46297415,1.323736117,4.284461164,0.14,-25.89,0.0144731,8.1820002,0.13596446,-24.74250209,
16,80,3,elevated,LYPA,1301132.155,25.073,0.078,24.695,14.740857,-21.61677324,1.000612499,3.38143471,0.15,-24.48,0.0166897,8.7291145,0.176460278,-25.69061351,
17,80,3,elevated,LYAN,1301132.155,25,0.134,24.778,16.06760635,-23.24459605,1.216618909,4.820378891,0.13,-26.58,0.0103939,8.1840154,0.308347188,-24.38053331,
18,80,3,elevated,INSP,1301132.155,25.011,0.025,24.646,14.83846961,-20.65743536,1.258467804,5.200707601,0.22,-25.96,0.0195114,9.1815166,0.195717731,-24.4710255,
19,80,4,ambient,LATR,1301132.155,25.012,0.096,24.737,17.85101933,-22.35582577,1.630001231,3.406857752,0.13,-27.57,0.0111997,7.7688936,0.099547966,-29.26711191,0.0157
20,80,4,ambient,AMDU,1301132.155,25.008,0.225,24.83,15.90769926,-22.76492711,1.69597833,4.512251621,0.13,-25.39,0.0112762,8.3613489,0.118665528,-27.34230569,0.0206
21,80,4,ambient,PLRI,1301132.155,25.006,0.043,24.776,6.253831715,-21.7502795,0.715423898,3.935657027,0.13,-26.78,0.0108879,6.1292519,0.101878782,-24.92912946,
22,80,4,ambient,LYPA,1301132.155,25.031,0.067,24.858,17.09623531,-17.38271742,1.306887432,5.052237035,0.13,-27.24,0.0118225,5.8198742,0.158849812,-24.00406148,
23,80,4,ambient,LYAN,1301132.155,25.06,0.393,24.662,14.95047559,-23.80150789,1.176531845,4.826480421,0.17,-25.44,0.0169403,9.1213844,0.210895127,-24.18969042,
24,80,4,ambient,INSP,1301132.155,25.061,0.398,24.807,10.71038092,-22.22136589,1.078231412,5.716286894,0.14,-27.5,0.0112308,8.9570465,0.111335782,-26.13417921,
25,80,5,ambient,LATR,1301132.155,25,0.025,24.79,16.71673997,-21.08370179,1.267351342,3.91328475,0.14,-26.04,0.0128195,7.6594823,0.118585129,-24.50556729,0.0172
26,80,5,ambient,AMDU,1301132.155,25.002,0.122,24.855,14.98138535,-22.44641931,1.166487605,4.422762513,0.13,-27.98,0.0105004,7.1241236,0.116664947,-27.57818777,0.0189
27,80,5,ambient,PLRI,1301132.155,25.053,0.128,24.829,11.05588136,-21.62154132,0.871871945,3.112967386,0.12,-25.88,0.0104529,4.9685741,0.087957818,-26.74542147,
28,80,5,ambient,LYPA,1301132.155,25.011,0.059,24.571,15.85281617,-21.06558309,1.447414436,4.204124352,0.2,-24.8,0.0178569,7.4870786,0.123021859,-24.18866485,
29,80,5,ambient,LYAN,1301132.155,25.065,0.055,24.553,13.36959238,-20.62882688,1.27587106,3.54414218,0.16,-26.52,0.0146722,8.3763184,0.133650654,-25.54037172,
30,80,5,ambient,INSP,1301132.155,25.019,0.078,24.619,8.516999531,-18.79120851,0.647275596,5.063423173,0.16,-26.38,0.0134789,8.030503,0.089185749,-28.19866019,
31,80,6,ambient,LATR,1301132.155,25.06,0.069,24.636,10.10628162,-22.59709066,0.892882935,4.296664225,0.16,-24.69,0.013228,7.5344644,0.135428281,-25.42037953,0.0175
32,80,6,ambient,AMDU,1301132.155,25.032,0.06,24.735,5.849693172,-24.00653537,0.426307201,4.139041364,0.13,-26.1,0.0084603,6.7702425,0.091010953,-28.86220674,0.0152
33,80,6,ambient,PLRI,1301132.155,25.05,0.131,24.481,8.370095424,-17.24921116,0.662614831,4.117686009,0.19,-26.91,0.0158247,8.4385,0.12272715,-23.30769656,
34,80,6,ambient,LYPA,1301132.155,25.002,0.031,24.8,18.92882829,-21.96198229,1.552117852,3.741424986,0.16,-25.64,0.0139968,5.9078098,0.108831058,-25.55575533,
35,80,6,ambient,LYAN,1301132.155,25.046,0.102,24.897,16.16355696,-22.89080445,1.520910311,5.025797071,0.15,-26.87,0.0157047,3.863545,0.105129927,-25.18347188,
36,80,6,ambient,INSP,1301132.155,25.006,0.1,24.909,18.39821353,-20.66601791,1.390897451,2.889244616,0.16,-26.36,0.0134999,5.184782,0.146801339,-25.08194002,
37,60,1,elevated,LATR,1576997.704,25,0.041,24.767,16.72222191,-21.45084402,1.310095177,4.706483663,0.21,-25.95,0.0129877,7.9215974,0.171695173,-25.43355504,0.0208
38,60,1,elevated,AMDU,1576997.704,25.054,0.033,24.972,21.81425865,-22.10216387,1.19658033,4.284461164,0.14,-26.89,0.0104951,6.4348677,0.133997239,-26.13689933,0.0180
39,60,1,elevated,PLRI,1576997.704,25.007,0.044,25.049,17.96296375,-21.81703263,1.578879509,6.34881218,0.14,-24.01,0.0158469,8.3897548,0.120406254,-25.01175322,
40,60,1,elevated,LYPA,1576997.704,25.045,0.053,24.615,19.73323793,-22.76111265,1.57318925,5.469174925,0.14,-26.91,0.0141085,8.3308543,0.177655844,-25.6157898,
41,60,1,elevated,LYAN,1576997.704,25.021,0.046,24.716,19.29511262,-20.75565783,1.635565298,5.5149364,0.15,-25.29,0.0157771,4.417018,0.158645751,-25.24517753,
42,60,1,elevated,INSP,1576997.704,25.005,0.025,24.947,20.35735013,-23.36379807,1.205532018,2.188585577,0.09,-26.98,0.0098702,4.1412702,0.101741944,-27.72787027,
43,60,2,elevated,LATR,1576997.704,25.03,0.03,24.729,20.92191839,-20.8538803,1.525586095,3.91938628,0.11,-25.3,0.0112347,7.7531839,0.144706658,-25.33834249,0.0196
44,60,2,elevated,AMDU,1576997.704,25.005,0.057,24.689,14.78931915,-22.05543668,1.14597501,4.758346669,0.13,-25.44,0.0166663,8.0977607,0.136755388,-27.78417877,0.0197
45,60,2,elevated,PLRI,1576997.704,25.022,0.022,25,,,,,0.09,-27.23,0.0085901,7.0660453,0.11265291,-27.16785669,
46,60,2,elevated,LYPA,1576997.704,25.041,0.178,24.561,19.21849498,-24.26019727,1.677967239,5.612560882,0.19,-26.43,0.0234244,9.568761,0.281863789,-25.84716653,
47,60,2,elevated,LYAN,1576997.704,25.003,0.045,24.821,17.44573162,-22.50935798,1.470508452,4.883428036,0.14,-24.35,0.0168384,8.4796162,0.157166641,-26.53515396,
48,60,2,elevated,INSP,1576997.704,,,,,,,,,,,,,,
49,60,3,elevated,LATR,1576997.704,25.004,0.064,24.93,6.159856066,-21.92479126,0.554701621,4.945460258,0.11,-25.76,0.0086884,6.5461575,0.202524845,-25.5605051,0.0267
50,60,3,elevated,AMDU,1576997.704,25.018,0.061,24.646,14.53423395,-22.40159935,1.225241084,5.628831629,0.15,-26.19,0.0175534,8.2811319,0.115993959,-25.38338929,0.0167
51,60,3,elevated,PLRI,1576997.704,25.034,0.058,24.685,14.66099163,-20.21686469,0.974788842,5.305450534,0.18,-24.75,0.0184565,7.5909708,0.166333691,-25.36291347,
52,60,3,elevated,LYPA,1576997.704,25.037,0.127,24.456,20.38055195,-22.14316937,2.059064052,3.842100233,0.14,-24.81,0.0202368,7.8085983,0.137657285,-25.04656211,
53,60,3,elevated,LYAN,1576997.704,25.004,0.237,24.877,5.907621899,-23.89114781,0.621666463,3.225845693,0.1,-25.34,0.011689,5.7008361,0.216376288,-25.74888261,
54,60,3,elevated,INSP,1576997.704,25.037,0.253,24.818,10.93827835,-19.95080578,0.960374716,5.247485998,0.09,-27.1,0.0111841,8.2106045,0.149935409,-24.7128063,
55,60,4,ambient,LATR,1576997.704,25.052,0.067,24.775,14.72202115,-22.46453802,1.41536836,4.281410399,0.13,-25.97,0.0153956,7.5637674,0.127008851,-26.23313567,0.0164
56,60,4,ambient,AMDU,1576997.704,25.052,0.056,24.664,21.25776042,-22.90129422,2.256259253,5.26680751,0.16,-24.07,0.0216691,8.1390696,0.222217781,-24.91244551,0.0328
57,60,4,ambient,PLRI,1576997.704,25.048,0.078,24.843,13.05976722,-19.18600561,0.965429546,5.386804268,0.11,-24.36,0.0121012,6.5763836,0.111847464,-24.86739871,
58,60,4,ambient,LYPA,1576997.704,25.05,0.08,24.762,13.13477335,-22.54273454,1.132375521,4.867157289,0.12,-26.4,0.0152197,7.802553,0.124036563,-26.68053226,
59,60,4,ambient,LYAN,1576997.704,25.015,0.041,24.866,10.43636865,-22.30814496,0.797577334,3.693629667,0.11,-28.24,0.0109017,6.5038411,0.098173246,-25.77038222,
60,60,5,ambient,INSP,1576997.704,25.041,0.034,24.796,17.98542634,-20.99406187,1.473181335,5.732557641,0.13,-25.35,0.0134759,6.9270056,0.120695298,-26.50136887,
61,60,5,ambient,LATR,1576997.704,25.03,0.077,24.679,13.10450486,-21.64252087,1.13463318,4.77156665,0.12,-24.57,0.0159267,7.9113668,0.134744219,-23.78307915,0.0188
62,60,5,ambient,AMDU,1576997.704,25.011,0.045,24.75,13.24653109,-18.54803639,1.009792006,3.280759464,0.12,-25.71,0.0119378,5.9950362,0.13101017,-25.50037424,0.0218
63,60,5,ambient,PLRI,1576997.704,25.065,0.092,24.983,10.77652426,-20.66506429,1.10114576,3.817694112,0.09,-28.73,0.0089727,5.9426444,0.147912529,-22.62827532,
64,60,5,ambient,LYPA,1576997.704,25.017,0.027,25.081,15.17641016,-22.76206626,1.57773692,2.776366309,0.09,-26.78,0.0123302,6.3506958,0.154890566,-24.38361827,
65,60,5,ambient,LYAN,1576997.704,25.006,0.093,24.944,17.8226062,-22.02396734,1.689220252,4.575300766,0.12,-24.65,0.0152571,7.0338042,0.162468269,-24.77952163,
66,60,5,ambient,INSP,1576997.704,25.06,0.026,24.935,8.891360981,-23.63176421,0.979158327,2.723486382,,,,,0.087402493,-30.16586395,
67,60,6,ambient,LATR,1576997.704,25.013,0.37,24.8,9.967933492,-22.26523224,0.990673914,3.454653071,0.09,-29.81,0.0079493,5.9144334,0.128826003,-24.22217196,0.0199
68,60,6,ambient,AMDU,1576997.704,25.055,0.199,25.106,11.23501388,-22.68673058,0.704605009,4.702415976,0.09,-27.51,0.0084415,5.5345929,0.08989997,-28.77248979,
69,60,6,ambient,PLRI,1576997.704,25.046,0.077,24.642,17.45141254,-16.61124193,1.069631062,4.666823717,0.16,-23.42,0.0174989,7.5416016,0.163984669,-20.84928101,
70,60,6,ambient,LYPA,1576997.704,25.055,0.008,24.901,7.658374625,-23.43818013,0.451184888,2.799755508,0.08,-28.26,0.0089718,4.9764188,0.098545954,-30.41883077,
71,60,6,ambient,LYAN,1576997.704,25.038,0.091,24.688,15.68409494,-22.54082731,1.502686997,2.0818088,0.11,-27.06,0.0136383,6.486713,0.085521689,-26.28703935,
72,60,6,ambient,INSP,1576997.704,25.007,0.149,24.829,13.33393569,-23.50588688,0.924713557,4.41462714,0.1,-26.79,0.0111856,6.4101404,0.095490031,-27.86653951,
73,40,1,elevated,LATR,1292567.213,25.001,0.06,24.796,16.03092697,-23.65369739,0.914181063,5.026813993,0.11,-27.67,0.0137734,8.4816313,0.23816478,-27.11718544,0.0247
74,40,1,elevated,AMDU,1292567.213,25.063,0.043,25.007,11.48959668,-23.46488138,1.002025157,3.835998702,0.09,-27.26,0.0109782,6.1028424,0.069408376,-29.01444628,
75,40,1,elevated,PLRI,1292567.213,25.009,0.054,25.048,10.32032994,-22.99760946,0.852576998,5.815945218,0.12,-27.8,0.013924,8.5440984,0.181479852,-27.71182963,
76,40,1,elevated,LYPA,1292567.213,25.016,0.058,24.866,18.96614502,-23.22361649,1.717909504,4.591571513,0.1,-26.77,0.0136767,8.6911985,0.177929212,-27.59763325,
77,40,1,elevated,LYAN,1292567.213,25.05,0.034,24.917,15.41018602,-23.82820915,1.670356113,6.350846024,0.09,-27.9,0.0118891,8.3204258,0.23104388,-27.49166725,
78,40,1,elevated,INSP,1292567.213,25.003,0.046,24.892,8.816096949,-18.78644043,0.656939478,5.418328841,0.11,-26.09,0.012877,7.9113668,0.16834772,-26.61513291,
79,40,2,elevated,LATR,1292567.213,25.011,0.084,24.639,21.97041008,-22.82691216,1.193050491,5.189521462,0.14,-25.05,0.0187098,8.7325074,0.24325773,-25.29930261,0.0263
80,40,2,elevated,AMDU,1292567.213,25,0.097,24.795,12.54086937,-23.60029488,1.156378306,6.396607499,0.12,-27.39,0.0160974,8.0715648,0.200606891,-26.72109891,0.0211
81,40,2,elevated,PLRI,1292567.213,25.021,0.059,24.807,14.43599527,-19.8697484,1.020490774,4.534623898,0.13,-24.14,0.0169663,8.1773559,0.189074244,-26.8332377,
82,40,2,elevated,LYPA,1292567.213,25.01,0.128,24.646,18.26049589,-24.57584423,1.520846534,6.144410922,0.17,-25.95,0.0216907,9.1536568,0.319773701,-27.02562258,
83,40,2,elevated,LYAN,1292567.213,25.038,0.063,24.677,11.09889226,-22.10597833,0.952922917,5.453921099,0.13,-26.75,0.0164773,8.778854,0.171498118,-28.45667805,
84,40,2,elevated,INSP,1292567.213,,,,,,,,,,,,,,
85,40,3,elevated,LATR,1292567.213,25.022,0.076,24.736,12.24902974,-20.0995699,0.958963408,4.800040458,0.13,-25.85,0.0152973,8.5995128,0.191550349,-28.18198948,0.0215
86,40,3,elevated,AMDU,1292567.213,25.023,0.035,24.888,16.6064779,-21.85231643,1.06355903,5.096981589,0.1,-25.88,0.0113773,8.8495291,0.165137656,-27.49166725,0.0185
87,40,3,elevated,PLRI,1292567.213,25.045,0.041,24.905,20.44111929,-20.32843778,1.518264861,4.944443336,0.13,-26.07,0.0177077,8.4250713,0.195492363,-27.09146554,
88,40,3,elevated,LYPA,1292567.213,25.039,0.138,24.682,21.63821783,-22.36631555,2.18825496,3.98548619,0.19,-25.12,0.0255929,8.9000598,0.257388607,-26.06781335,
89,40,3,elevated,LYAN,1292567.213,25.034,0.02,25,16.80391722,-23.05959451,1.560343141,5.321721281,0.12,-28.4,0.0130552,8.2623624,0.329732913,-25.29724502,
90,40,3,elevated,INSP,1292567.213,25.024,0.042,24.94,17.36313976,-21.54048394,1.369264546,6.072209483,0.12,-25.7,0.014811,7.6679722,0.183614913,-25.80341273,
91,40,4,ambient,LATR,1292567.213,25.064,0.035,24.911,18.71720653,-21.96293591,1.635361215,5.262739823,0.14,-26.44,0.0165339,9.1335117,0.174820399,-27.37129809,0.0196
92,40,4,ambient,AMDU,1292567.213,25.063,0.027,25.116,12.40756759,-21.61105154,1.185619291,5.292230552,0.09,-28.79,0.0103195,5.5809488,0.313416511,-24.80342285,0.0331
93,40,4,ambient,PLRI,1292567.213,25.045,0.031,24.949,22.93057362,-17.56009003,1.878765449,5.865774381,0.13,-24.43,0.0139972,6.3433772,0.195634683,-24.15322367,
94,40,4,ambient,LYPA,1292567.213,25.035,0.061,25.119,21.20947145,-20.66220345,1.756158283,5.656288514,0.12,-24.52,0.0182723,5.787289,0.181103187,-23.19335685,
95,40,4,ambient,LYAN,1292567.213,25.037,0.15,24.841,16.05433288,-23.64130038,2.149218078,5.39392272,0.14,-26.17,0.0171493,5.7994962,0.154954019,-28.41243982,
96,40,4,ambient,INSP,1292567.213,25.022,0.042,24.854,17.27325538,-21.27728588,1.496896797,4.853937307,0.12,-25.38,0.0167846,9.5839704,0.156929008,-25.77563523,
97,40,5,ambient,LATR,1292567.213,25.038,0.188,24.975,11.20321691,-22.63809616,0.699037806,4.911901843,0.13,-27.26,0.0108883,6.699656,0.235826744,-25.96390493,0.0229
98,40,5,ambient,AMDU,1292567.213,25.034,0.228,24.876,15.18388434,-22.8879436,1.548744974,3.890912473,0.15,-25.95,0.017354,8.036216,0.183789972,-27.31780069,0.0198
99,40,5,ambient,PLRI,1292567.213,25.06,0.055,25.013,20.68136751,-20.38756199,1.399980266,4.295647303,0.12,-27.36,0.0136894,7.4267688,0.179987012,-27.47417771,
100,40,5,ambient,LYPA,1292567.213,25.045,0.053,24.671,14.80047457,-20.47338744,1.273206081,3.587869812,0.15,-25.88,0.0136162,7.4830873,0.177467693,-26.03077668,
101,40,5,ambient,LYAN,1292567.213,25.017,0.057,24.828,19.02448266,-21.71213485,1.792825181,3.975316973,0.11,-26.45,0.0160385,7.9094992,0.263599138,-24.89189932,
102,40,5,ambient,INSP,1292567.213,25.005,0.068,25.169,7.620982738,-20.86150923,0.741870029,4.824446578,0.13,-28.23,0.0108658,6.8525207,0.134928388,-26.98562192,
103,40,6,ambient,LATR,1292567.213,25.023,0.045,24.84,19.31074697,-21.57672136,1.536145071,3.240082596,0.12,-28.87,0.0160491,4.4001993,0.176351897,-25.66595555,0.0245
104,40,6,ambient,AMDU,1292567.213,25.016,0.1,24.926,15.06662372,-22.64191062,1.279778892,5.023763228,0.15,-25.2,0.0110483,7.852175,0.111492602,-27.98381798,0.0167
105,40,6,ambient,PLRI,1292567.213,25.042,0.059,24.838,17.02308034,-18.3544523,1.272795512,4.829531186,0.09,-28.38,0.0153768,7.6248894,0.170123115,-24.7455676,
106,40,6,ambient,LYPA,1292567.213,25.008,0.01,25.129,9.110519315,-21.70450592,0.736188627,3.423128499,0.13,-24.58,0.0084522,6.4217626,0.127601476,-26.71022219,
107,40,6,ambient,LYAN,1292567.213,25.016,0.087,24.977,21.59355588,-22.49982181,2.252691947,2.848567749,0.13,-25.59,0.0192976,5.4470785,0.102636721,-26.31094377,
108,40,6,ambient,INSP,1292567.213,25.061,0.032,25.044,22.06175933,-21.10277412,1.864668278,4.735974392,0.09,-26.05,0.0174531,5.5863932,0.141724682,-24.19067298,
109,20,1,elevated,LATR,1499213.902,25.002,0.02,24.793,13.72552641,-22.45023377,1.106589592,6.972185172,0.1,-27.03,0.0138008,7.6398848,0.196975723,-23.79988578,0.0260
110,20,1,elevated,AMDU,1499213.902,25.015,0.026,24.903,21.84240579,-23.91784907,1.223271035,2.867889261,0.11,-29.73,0.0073937,5.8257737,0.094639989,-27.27865742,0.0145
111,20,1,elevated,PLRI,1499213.902,25.002,0.044,24.833,15.85921073,-20.04998186,1.093743193,4.400390236,0.16,-26.33,0.010184,6.791497,0.149334926,-24.68062649,
112,20,1,elevated,LYPA,1499213.902,25,0.033,24.788,,,,,,,0.010171,7.1731541,0.106929163,-26.49246531,
113,20,1,elevated,LYAN,1499213.902,25.012,0.095,24.587,,,,,,,0.0194359,8.8407638,0.129574774,-26.25095531,
114,20,1,elevated,INSP,1499213.902,25.034,0.028,24.826,22.54129408,-22.75157648,1.625270023,5.281044413,0.11,-27.81,0.0119649,5.6807642,0.128443054,-24.67857108,
115,20,2,elevated,LATR,1499213.902,25,0.107,24.594,8.031304655,-23.59743403,0.64221795,5.184436854,0.14,-25.17,0.0161278,8.0301202,0.217475336,-24.10819641,0.0299
116,20,2,elevated,AMDU,1499213.902,25.022,0.043,24.702,15.27203292,-22.26713947,1.161278376,5.039017053,0.14,-27.89,0.0116963,7.2154485,0.158442039,-24.30448751,0.0219
117,20,2,elevated,PLRI,1499213.902,25.006,0.041,24.773,18.12093029,-19.54170444,1.181092821,4.622079163,0.14,-25.08,0.0178363,9.2183796,0.15861884,-25.0752641,
118,20,2,elevated,LYPA,1499213.902,,,,,,,,,,,,0.364500884,-25.5623949,
119,20,2,elevated,LYAN,1499213.902,25.051,0.056,24.642,13.55468924,-22.44839825,1.147775643,6.008029057,0.12,-26.05,0.0153493,9.9690393,0.145569101,-24.93755201,
120,20,2,elevated,INSP,1499213.902,25.012,0.181,24.458,,,,,0.22,-25.7,0.0295951,9.7518485,,,
121,20,3,elevated,LATR,1499213.902,25.005,0.027,24.736,16.83666714,-21.07969679,1.425249057,5.74777852,0.12,-29.25,0.0114738,7.2496494,0.149790143,-24.44631041,0.0212
122,20,3,elevated,AMDU,1499213.902,25.008,0.054,24.74,21.05079065,-22.85976176,1.373379467,4.339782449,0.12,-29.22,0.0105485,7.0925113,0.1858,-24.2983,0.0173
123,20,3,elevated,PLRI,1499213.902,25.027,0.056,24.776,20.29956613,-20.52336765,1.542564222,5.228294049,0.15,-29.74,0.0123336,7.1626052,0.177252725,-29.03280391,
124,20,3,elevated,LYPA,1499213.902,25.034,0.03,24.934,17.82439471,-22.51052638,1.525311857,5.20084575,0.11,-27.74,0.0101948,7.3059521,0.350823047,-24.15649841,
125,20,3,elevated,LYAN,1499213.902,25.008,0.076,24.664,20.71741454,-22.75621488,1.977469893,4.885698615,0.18,-24.46,0.0202556,9.4665978,0.286057186,-25.19344984,
126,20,3,elevated,INSP,1499213.902,25,0.038,24.786,14.97242155,-21.24348912,1.174424972,5.680682678,0.11,-25.27,0.0126079,4.5032358,,,
127,20,4,ambient,LATR,1499213.902,25.069,0.081,24.726,19.39153452,-18.27640039,1.462949332,5.670516641,0.18,-24.18,0.0190801,7.8464892,0.280681799,-25.87337087,0.0291
128,20,4,ambient,AMDU,1499213.902,25.027,0.041,24.735,21.76129867,-21.69815405,2.145870974,5.895186051,0.16,-25.06,0.0179891,8.5717303,0.298274016,-25.66246766,0.0340
129,20,4,ambient,PLRI,1499213.902,25.024,0.108,24.661,13.5813016,-17.66453247,1.042251574,5.496677415,0.16,-24.52,0.016237,8.1908527,0.185817527,-24.29828393,
130,20,4,ambient,LYPA,1499213.902,25.026,0.11,24.848,22.83850307,-22.90776986,1.844694816,6.221515826,0.18,-24.37,0.02262,8.7651919,0.354827862,-24.65939139,
131,20,4,ambient,LYAN,1499213.902,,,,,,,,,,,,0.245183768,-25.87439967,
132,20,4,ambient,INSP,1499213.902,25.058,0.034,24.847,17.56112993,-22.48793434,1.454594095,5.991763399,0.14,-25.57,0.0157923,7.4673869,0.102523946,-26.58084769,
133,20,5,ambient,LATR,1499213.902,25.025,0.072,24.793,21.98088673,-20.61938385,1.609935367,4.59291676,0.16,-24.6,0.0192204,7.8674091,0.25354162,-25.39498065,0.0278
134,20,5,ambient,AMDU,1499213.902,25.044,0.032,24.862,18.40085286,-21.82241031,1.667374613,5.623752873,0.11,-27.27,0.0126885,7.0472125,0.21961601,-26.4032009,0.0252
135,20,5,ambient,PLRI,1499213.902,25.015,0.048,24.667,16.69437169,-19.64698453,1.444240998,5.411282708,0.17,-30.94,0.0162545,7.4371585,0.217647684,-24.13161896,
136,20,5,ambient,LYPA,1499213.902,25.012,0.044,24.729,20.01679339,-22.89082583,2.050774694,5.204912165,0.12,-28.93,0.0127663,7.3182603,0.213410167,-24.03182573,
137,20,5,ambient,LYAN,1499213.902,25.032,0.033,24.78,18.14563543,-21.33668131,1.583754777,4.795220889,0.1,-26.99,0.0106067,7.1449509,0.314645414,-25.29930261,
138,20,5,ambient,INSP,1499213.902,25.061,0.017,24.921,18.1342276,-19.00875922,1.502474143,5.364518939,0.09,-25.23,0.0097288,6.3388609,0.123099195,-24.89644393,
139,20,6,ambient,LATR,1499213.902,25.036,0.101,24.683,20.29844333,-21.57201513,1.666788739,4.730158255,0.2,-24.68,0.0226906,8.4467863,0.33031213,-24.56474214,0.0338
140,20,6,ambient,AMDU,1499213.902,25.012,0.054,24.737,17.13691971,-21.73298346,1.497798173,5.905352087,0.16,-29.16,0.0166059,7.8704319,0.179283797,-27.8795234,0.0194
141,20,6,ambient,PLRI,1499213.902,,,,,,,,,,,,0.193857245,-28.05750514,
142,20,6,ambient,LYPA,1499213.902,25.039,0.229,24.892,12.32570743,-21.75934085,0.826069709,3.858928917,0.09,-27.07,0.0087927,5.0894213,0.17994622,-28.15524078,
143,20,6,ambient,LYAN,1499213.902,25.009,0.142,24.616,22.03852296,-21.835589,2.065390242,4.945678231,0.21,-29.36,0.0209652,7.3925575,0.113676311,-24.87794529,
144,20,6,ambient,INSP,1499213.902,25.02,0.053,24.806,22.97104254,-22.57547851,2.361556995,5.460079684,0.11,-26.1,0.0139558,8.83774,0.108416535,-26.12454795,
145,0,1,elevated,LATR,1701998.865,25.01,0.067,24.769,17.57315876,-23.24194388,1.263424322,5.501760434,0.15,-26.67,0.016287,6.3104878,0.442535625,-24.42249578,0.0500
146,0,1,elevated,AMDU,1701998.865,25.045,0.063,24.752,20.83706753,-24.04772686,1.445361025,4.111046625,0.16,-26.25,0.0198807,7.5409426,0.169093643,-25.64190357,0.0252
147,0,1,elevated,PLRI,1701998.865,25.006,0.046,24.83,19.92869373,-22.33167268,1.263882999,4.359097918,0.14,-26.63,0.0176483,7.9530562,0.190773571,-23.13334893,
148,0,1,elevated,LYPA,1701998.865,25.056,0.046,24.946,19.96486037,-20.7408161,1.496156836,5.031072938,0.1,-26.9,0.012321,8.1515558,0.295524452,-24.59479225,
149,0,1,elevated,LYAN,1701998.865,25.012,0.105,24.695,18.82110554,-22.34955805,1.142222353,5.202878957,0.16,-26.59,0.0177595,9.1954424,0.232152654,-26.1187956,
150,0,1,elevated,INSP,1701998.865,25.012,0.035,24.83,18.79348497,-23.66931008,1.3290715,4.400778668,0.14,-30.27,0.0222618,8.5686155,0.178610002,-28.30030103,
151,0,2,elevated,LATR,1701998.865,25.041,0.087,24.669,17.67352121,-23.19487711,1.261660492,5.099185384,0.13,-27.5,0.0230863,9.0445788,0.264369092,-25.34038474,0.0330
152,0,2,elevated,AMDU,1701998.865,25.023,0.082,24.72,17.27514397,-24.15503908,1.463557453,5.946016234,0.16,-27.07,0.0277919,9.894006,0.176025724,-26.35160096,0.0249
153,0,2,elevated,PLRI,1701998.865,25.022,0.27,24.445,10.34453291,-18.76871873,0.580560643,2.801661109,0.18,-24.21,0.0290932,7.9211429,,,
154,0,2,elevated,LYPA,1701998.865,25.02,0.198,24.638,19.94963977,-24.27176465,1.723818118,5.862654734,0.21,-26.42,0.0344268,8.3979763,0.313828457,-25.75266559,
155,0,2,elevated,LYAN,1701998.865,25.005,0.095,24.628,17.08592964,-23.55540852,1.459261071,7.549200208,0.16,-26.66,0.0258801,8.6946247,0.141746555,-26.5372299,
156,0,2,elevated,INSP,1701998.865,,,,,,,,,,,,,,
157,0,3,elevated,LATR,1701998.865,25.005,0.075,24.713,21.13682636,-23.54505383,1.587422817,5.361469128,0.13,-27.79,0.0190284,6.9585351,0.257921353,-24.49223483,0.0306
158,0,3,elevated,AMDU,1701998.865,25.01,0.082,24.759,21.69838145,-24.19739916,1.51707043,4.874515975,0.16,-26.12,0.0205437,7.4094804,0.147955341,-25.16056337,0.0165
159,0,3,elevated,PLRI,1701998.865,25.018,0.084,24.733,18.68386992,-21.31597194,1.331002796,4.649846565,0.13,-25.73,0.0188021,7.4035076,0.175573946,-25.24072414,
160,0,3,elevated,LYPA,1701998.865,25.007,0.168,24.833,15.91107085,-24.01854547,1.273700637,4.699660145,0.1,-28.44,0.0099427,6.694737,0.369146105,-23.34769395,
161,0,3,elevated,LYAN,1701998.865,25.037,0.055,24.999,19.05584425,-23.91123325,1.496154174,3.623076867,0.17,-24.7,0.0135145,7.5897307,0.347189162,-25.40807264,
162,0,3,elevated,INSP,1701998.865,25.01,0.06,24.91,17.48483036,-23.77097429,1.332683052,4.496339412,0.14,-25.99,0.0188963,6.4355879,0.149120925,-26.74747262,
163,0,4,ambient,LATR,1701998.865,25.004,0.355,24.586,8.957445874,-21.51741768,0.64913302,6.170685643,0.24,-23.98,0.0289347,9.1382639,0.61262137,-23.56968051,0.0705
164,0,4,ambient,AMDU,1701998.865,25.025,0.06,24.81,16.39204147,-22.89459117,1.272577902,6.34757468,0.11,-26.65,0.0134632,8.232367,0.200275912,-25.468874,0.0264
165,0,4,ambient,PLRI,1701998.865,25.035,0.102,24.882,18.30203872,-19.38905866,1.372819481,4.772855608,0.16,-23.3,0.0194668,9.1052312,0.149223379,-23.0784389,
166,0,4,ambient,LYPA,1701998.865,25.046,0.057,24.653,15.95490261,-23.87546251,1.296604885,5.598337782,0.13,-26.19,0.0172218,12.3274217,0.56424222,-23.99823229,
167,0,4,ambient,LYAN,1701998.865,25.008,0.052,24.516,19.41751333,-23.4480963,1.499051473,6.812162553,0.19,-25.73,0.0241642,10.594706,0.463879015,-24.07222684,
168,0,4,ambient,INSP,1701998.865,25.024,0.148,24.847,14.96384914,-23.49704573,1.339681476,7.41094211,0.12,-25.1,0.0149147,8.9731004,0.132228167,-26.65586994,
169,0,5,ambient,LATR,1701998.865,25.022,0.102,24.61,18.72096997,-21.84029568,1.417161685,5.113417835,0.17,-26.81,0.0195183,9.8386616,0.545864096,-23.13599022,0.0590
170,0,5,ambient,AMDU,1701998.865,25.072,0.06,24.753,17.03755138,-22.44463291,1.491529146,5.741678898,0.14,-27.6,0.0159705,8.9785033,0.201749899,-26.5376842,0.0266
171,0,5,ambient,PLRI,1701998.865,25.017,0.101,24.791,19.34809989,-23.07062086,1.548629499,4.887731822,0.11,-27.38,0.0128588,8.5439076,0.25346481,-23.18531992,
172,0,5,ambient,LYPA,1701998.865,25.079,0.106,24.659,12.595548,-20.53654634,0.934280162,5.270991403,0.17,-25.74,0.019963,8.9774996,0.20461575,-24.09586399,
173,0,5,ambient,LYAN,1701998.865,25.002,0.156,24.551,20.97656106,-21.98055463,1.946784452,5.034122749,,,,,0.36689497,-24.17088624,
174,0,5,ambient,INSP,1701998.865,25.066,0.041,24.792,14.53166944,-22.11610691,1.184316442,5.471262324,0.11,-25.58,0.0138617,12.8035477,0.126844761,-24.57785628,
175,0,6,ambient,LATR,1701998.865,25.024,0.056,24.761,14.503474,-22.36556075,1.126593381,5.810807947,0.15,-28.16,0.0165061,9.4110917,0.412619249,-23.12263009,0.0511
176,0,6,ambient,AMDU,1701998.865,25.038,0.043,24.687,15.36378191,-21.92783986,1.193813436,5.18153028,0.12,-28,0.0137702,8.5469187,0.165642764,-26.07521825,0.0220
177,0,6,ambient,PLRI,1701998.865,25.068,0.078,24.626,18.53138863,-21.91089582,1.332003777,4.56241865,0.2,-24.28,0.0242446,9.4231359,0.185558719,-22.84617822,
178,0,6,ambient,LYPA,1701998.865,25.028,0.14,24.735,20.48199928,-23.61753665,1.519076218,5.366552147,0.21,-25.14,0.0241534,7.3705996,0.252515875,-23.8615479,
179,0,6,ambient,LYAN,1701998.865,25.006,0.206,24.465,19.64267671,-22.89741517,1.411884395,5.834189831,0.28,-24.26,0.0319107,8.1816407,0.444067659,-24.29009968,
180,0,6,ambient,INSP,1701998.865,25.009,0.046,24.88,16.08719357,-22.61313192,1.240351872,5.157131792,0.14,-26.86,0.016031,9.4684244,0.162377475,-24.09894709,